long,lat,twsmonann
93.625,39.375,0.976563110379946
93.875,39.375,1.05351910008827
91.375,39.125,6.11993446253418
91.625,39.125,6.16133239446651
91.875,39.125,6.21608762297602
92.125,39.125,6.28419963983553
92.625,39.125,6.33388383219994
92.875,39.125,4.45312616971898
93.125,39.125,0.681192081669967
93.375,39.125,0.132978428713977
93.625,39.125,2.80848508831114
93.875,39.125,2.83626654915778
94.125,39.125,0.216322948553023
95.125,39.125,0.915008625955809
95.375,39.125,0.891772098517755
88.875,38.875,3.92525870376876
89.375,38.875,3.90529036299725
89.625,38.875,3.90837864139162
89.875,38.875,4.34719562942073
90.125,38.875,5.22174132556788
90.375,38.875,5.69596736292976
90.625,38.875,5.76987355889065
90.875,38.875,5.85821093613104
91.125,38.875,5.96097944774
91.375,38.875,6.03584322506296
91.625,38.875,6.08280251875875
91.875,38.875,6.14371660867972
92.125,38.875,6.2185853150008
92.375,38.875,6.26429568519372
92.625,38.875,6.28084792429581
92.875,38.875,5.33182145022743
93.125,38.875,3.41721579066167
93.375,38.875,2.87301276217636
93.625,38.875,3.69921223777125
93.875,38.875,3.63710303205132
94.125,38.875,2.68668494016775
94.375,38.875,1.81571515199861
94.625,38.875,1.02419345715039
94.875,38.875,0.912206644307645
95.125,38.875,1.47975470979055
95.375,38.875,1.47326205176346
95.625,38.875,0.892728831342954
95.875,38.875,0.0219472640726183
88.375,38.625,6.90235013223054
88.625,38.625,7.40161335846143
88.875,38.625,7.64286280267295
89.125,38.625,7.62609849510094
89.375,38.625,7.87848146580592
89.625,38.625,8.40001160328587
89.875,38.625,8.98944320332348
90.125,38.625,9.6467762277772
90.375,38.625,10.0124688519431
90.625,38.625,10.0865215214235
90.875,38.625,10.1729512067512
91.125,38.625,10.2717582432997
91.375,38.625,10.3516741521346
91.625,38.625,10.4126988269921
91.875,38.625,10.1419166768768
92.125,38.625,9.53932789736206
92.375,38.625,9.24950027240972
92.625,38.625,9.27243363541229
92.875,38.625,8.91104309803673
93.125,38.625,8.16532855533684
93.375,38.625,7.32425268982493
93.625,38.625,6.38781554448485
93.875,38.625,5.86419368588499
94.125,38.625,5.75338727289013
94.375,38.625,5.30357017210197
94.625,38.625,4.51474236088495
94.875,38.625,3.71478742611971
95.125,38.625,2.90370548280577
95.375,38.625,2.51629082539252
95.625,38.625,2.55254317873291
95.875,38.625,1.98858698184292
96.125,38.625,0.824422248553241
88.125,38.375,14.293801318894
88.375,38.375,14.9703688692302
88.625,38.375,15.130018293352
88.875,38.375,15.197402864872
89.125,38.375,15.1725225661526
89.375,38.375,15.9375654732897
89.625,38.375,17.4925320372695
89.875,38.375,18.3802034179813
90.125,38.375,18.6005794737798
90.375,38.375,18.7465211134936
90.625,38.375,18.8180281111882
90.875,38.375,18.8967435915178
91.125,38.375,18.9826675307449
91.375,38.375,19.0674268627318
91.625,38.375,19.1510208884165
91.875,38.375,18.2106878785328
92.125,38.375,16.2464280079163
92.375,38.375,15.2790788545562
92.625,38.375,15.308640711249
92.875,38.375,15.1907913049373
93.125,38.375,14.9255303288721
93.375,38.375,13.4866980962677
93.625,38.375,10.8742946919941
93.875,38.375,9.5175385641555
94.125,38.375,9.41642979761763
94.375,38.375,9.20790770052977
94.625,38.375,8.89197217995922
94.875,38.375,7.5516233895861
95.125,38.375,5.18686105083408
95.375,38.375,4.02085796132063
95.625,38.375,4.05361438870341
95.875,38.375,3.90389728688502
96.125,38.375,3.57170685668077
96.375,38.375,2.25597219168197
87.125,38.125,15.8077538411089
87.375,38.125,16.8653588522359
87.625,38.125,18.9377963115062
87.875,38.125,19.7529942806367
88.125,38.125,19.3109528454597
88.375,38.125,19.0831436925523
88.625,38.125,19.0695660256204
88.875,38.125,20.358155819277
89.125,38.125,22.9489124664061
89.375,38.125,23.96071136255
89.625,38.125,23.3935522032103
89.875,38.125,23.1037676015425
90.125,38.125,23.09135716483
90.375,38.125,24.439602963755
90.625,38.125,27.1485045023795
90.875,38.125,27.2095377352444
91.125,38.125,24.6227022950671
91.375,38.125,23.3723289159082
91.625,38.125,23.4584168796295
91.875,38.125,23.4718054621968
92.125,38.125,23.4124942741046
92.375,38.125,22.1063241941233
92.625,38.125,19.5532939599295
92.875,38.125,18.267602044344
93.125,38.125,18.2492477271795
93.375,38.125,17.4481791994047
93.625,38.125,15.8643966102396
93.875,38.125,14.0991695651518
94.125,38.125,12.152497967581
94.375,38.125,11.1419290694009
94.625,38.125,11.0674628749312
94.875,38.125,10.0622392356812
95.125,38.125,8.12625834629649
95.375,38.125,6.5699500975066
95.625,38.125,5.39331461464365
95.875,38.125,4.84417210962801
96.125,38.125,4.9225227559961
96.375,38.125,3.80925893874928
96.625,38.125,1.50438044342168
96.875,38.125,0.359501232257822
97.125,38.125,0.374621299102104
97.375,38.125,0.399039226963318
97.625,38.125,0.432755228444668
97.875,38.125,0.280958189977155
86.375,37.875,21.4953887777669
86.625,37.875,17.7394920295459
86.875,37.875,15.8886672307915
87.125,37.875,15.9429148375057
87.375,37.875,19.0420172111176
87.625,37.875,25.185973818547
87.875,37.875,26.0061847782916
88.125,37.875,21.5026500411919
88.375,37.875,19.2406736426055
88.625,37.875,19.2202561128175
88.875,37.875,23.1251209843216
89.125,37.875,30.9552686135684
89.375,37.875,31.9479191723324
89.625,37.875,26.1030720140342
89.875,37.875,23.1601355694944
90.125,37.875,23.1191096027692
90.375,37.875,27.0917144302057
90.625,37.875,35.0779504802078
90.875,37.875,35.1113329534375
91.125,37.875,27.1918620819847
91.375,37.875,23.2663801591932
91.625,37.875,23.3348865871961
91.875,37.875,25.9252689836458
92.125,37.875,31.0375272821103
92.375,37.875,29.7312349977415
92.625,37.875,22.0063934482811
92.875,37.875,18.1414749610992
93.125,37.875,18.1364803778008
93.375,37.875,19.2086958177743
93.625,37.875,21.3581215393375
93.875,37.875,19.6090869151366
94.125,37.875,13.9615918918025
94.375,37.875,11.105634387689
94.625,37.875,11.0412141249826
94.875,37.875,11.2466352941025
95.125,37.875,11.7218976418266
95.375,37.875,10.1635672034252
95.625,37.875,6.57164382882682
95.875,37.875,4.8094114201609
96.125,37.875,4.87686969235185
96.375,37.875,4.55824030462564
96.625,37.875,3.85352290052743
96.875,37.875,3.52647585357052
97.125,37.875,3.57709913894401
97.375,37.875,3.61777625717223
97.625,37.875,3.64850726776224
97.875,37.875,3.18789801588725
98.125,37.875,2.23594834190195
98.375,37.875,0.539978542595747
86.375,37.625,24.8679389647075
86.625,37.625,20.7838109278963
86.875,37.625,19.0997675284655
87.125,37.625,19.8158087602683
87.375,37.625,23.2490642118756
87.625,37.625,29.3995339039181
87.875,37.625,30.027550014002
88.125,37.625,25.1331132404151
88.375,37.625,23.1677724737763
88.625,37.625,24.1315277611127
88.875,37.625,28.5222284996084
89.125,37.625,36.3398750544925
89.375,37.625,37.0534943648747
89.625,37.625,30.6630871978367
89.875,37.625,27.7121480941329
90.125,37.625,28.2006775381354
90.375,37.625,32.4200125625579
90.625,37.625,40.3701539216563
90.875,37.625,40.3723860479182
91.125,37.625,32.4267093759208
91.375,37.625,28.1063464114531
91.625,37.625,27.4112975177843
91.875,37.625,29.9569681843831
92.125,37.625,35.7433583265259
92.375,37.625,34.7764866025675
92.625,37.625,27.0563520263526
92.875,37.625,22.4134165838316
93.125,37.625,20.8476796715964
93.375,37.625,21.5702807517456
93.625,37.625,24.5812201061774
93.875,37.625,23.27100290131
94.125,37.625,17.6396285337174
94.375,37.625,14.0815555343493
94.625,37.625,12.5967830641461
94.875,37.625,12.4814670158728
95.125,37.625,13.735607082246
95.375,37.625,12.5630006238641
95.625,37.625,8.96364787597032
95.875,37.625,7.10661335229164
96.125,37.625,6.99189725904726
96.375,37.625,6.45958704342179
96.625,37.625,5.50968284669022
96.875,37.625,5.06557933210972
97.125,37.625,5.12727648693004
97.375,37.625,5.01630568564648
97.625,37.625,4.73266644696483
97.875,37.625,4.11735449673697
98.125,37.625,3.17036961511753
98.375,37.625,1.58609692016173
85.875,37.375,24.393303877816
86.125,37.375,26.1464657326628
86.375,37.375,26.3633361742433
86.625,37.375,25.0439159063888
86.875,37.375,25.3982825417914
87.125,37.375,27.4264359838019
87.375,37.375,29.4865004286259
87.625,37.375,31.5784761768633
87.875,37.375,31.8170901478756
88.125,37.375,30.2023425165741
88.375,37.375,30.8644395820797
88.625,37.375,33.8033811809406
88.875,37.375,36.5494783120939
89.125,37.375,39.1027311607841
89.375,37.375,39.2774382701587
89.625,37.375,37.0735978856328
89.875,37.375,36.7598056250917
90.125,37.375,38.3360608855573
90.375,37.375,40.4244977044917
90.625,37.375,43.0251158247746
90.875,37.375,42.9926978219212
91.125,37.375,40.3272450004926
91.375,37.375,37.8922281451523
91.625,37.375,35.6876488841006
91.875,37.375,35.566902610837
92.125,37.375,37.5299889182761
92.375,37.375,37.2420777514577
92.625,37.375,34.7031706628345
92.875,37.375,31.0834264628589
93.125,37.375,26.3828456187
93.375,37.375,24.5329342282954
93.625,37.375,25.533692201156
93.875,37.375,25.0849170629556
94.125,37.375,23.1866084323398
94.375,37.375,20.0696928708858
94.625,37.375,15.7341697615882
94.875,37.375,13.7667346921173
95.125,37.375,14.1673867536648
95.375,37.375,13.7682507698956
95.625,37.375,12.5693266159367
95.875,37.375,11.73577789066
96.125,37.375,11.2676051372219
96.375,37.375,9.51329907001484
96.625,37.375,6.47286051459433
96.875,37.375,4.97681194416114
97.125,37.375,5.02515386463853
97.375,37.375,4.59462741302947
97.625,37.375,3.68523264734873
97.875,37.375,3.06932750874548
98.125,37.375,2.74691183253058
98.375,37.375,2.20573052783231
98.625,37.375,1.44578370393387
98.875,37.375,0.504394202808007
84.875,37.125,22.250893828127
85.125,37.125,23.4410467904593
85.375,37.125,25.0416135411177
85.625,37.125,27.052594673169
85.875,37.125,27.8166661312848
86.125,37.125,27.3338280063056
86.375,37.125,27.7672914519596
86.625,37.125,29.117057284429
86.875,37.125,30.8070140411811
87.125,37.125,32.8371621897533
87.375,37.125,33.5650218169915
87.625,37.125,32.9905939286309
87.875,37.125,33.6717261736725
88.125,37.125,35.6084189710828
88.375,37.125,38.0470498996388
88.625,37.125,40.9876192905718
88.875,37.125,41.9590939232814
89.125,37.125,40.9614744358829
89.375,37.125,41.4675761872459
89.625,37.125,43.4773998881735
89.875,37.125,45.26133768225
90.125,37.125,46.8193902214013
90.375,37.125,46.7754110089725
90.625,37.125,45.1294008954118
90.875,37.125,45.0124207815821
91.125,37.125,46.4244721216105
91.375,37.125,46.0205173709563
91.625,37.125,43.8005569756031
91.875,37.125,41.6197112979634
92.125,37.125,39.4779806082802
92.375,37.125,38.4987578781943
92.625,37.125,38.6820446491951
92.875,37.125,36.4294840753256
93.125,37.125,31.7410770997582
93.375,37.125,28.546735063621
93.625,37.125,26.846458167228
93.875,37.125,25.9475023481818
94.125,37.125,25.8498683782206
94.375,37.125,23.6381051004643
94.625,37.125,19.3122131938292
94.875,37.125,16.4574395099566
95.125,37.125,15.0737840926031
95.375,37.125,14.2958204071171
95.625,37.125,14.123547965776
95.875,37.125,13.7948358587034
96.125,37.125,13.309683797136
96.375,37.125,11.535647610065
96.625,37.125,8.47272722407998
96.875,37.125,6.70744894845855
97.125,37.125,6.23981307627899
97.375,37.125,5.54822683517067
97.625,37.125,4.63269060945937
97.875,37.125,3.74979589547785
98.125,37.125,2.89954296984665
98.375,37.125,2.28170698874054
98.625,37.125,1.8962877306045
98.875,37.125,1.14958014987587
99.125,37.125,0.0415847300862272
77.875,36.875,0.39534905489889
78.125,36.875,2.58439132535742
78.375,36.875,3.71474373000896
78.625,36.875,3.78640665850558
78.875,36.875,4.52606846166863
84.125,36.875,23.6589237283383
84.375,36.875,23.0934837443488
84.625,36.875,22.2032984904768
84.875,36.875,23.5286695659648
85.125,36.875,27.0695971486469
85.375,36.875,29.1718627213988
85.625,36.875,29.8354656214161
85.875,36.875,29.4049729184735
86.125,36.875,27.8803838872129
86.375,36.875,29.0798048985501
86.625,36.875,33.0032350115922
86.875,36.875,35.3259627200663
87.125,36.875,36.0479874777652
87.375,36.875,35.4846286951076
87.625,36.875,33.6358867479267
87.875,36.875,35.5914580351008
88.125,36.875,41.3513418248589
88.375,36.875,44.7156036515144
88.625,36.875,45.6842420933147
88.875,36.875,44.7510754811622
89.125,36.875,41.9161035874947
89.375,36.875,43.6239092336879
89.625,36.875,49.8744932395672
89.875,36.875,53.2167448502211
90.125,36.875,53.6506645380741
90.375,36.875,51.4727527584881
90.625,36.875,46.6830079592055
90.875,36.875,46.4315548592735
91.125,36.875,50.7183927785783
91.375,36.875,52.4912149139103
91.625,36.875,51.7500202799127
91.875,36.875,48.1153936606078
92.125,36.875,41.5873335925596
92.375,36.875,38.5465270957422
92.625,36.875,38.9929740635235
92.875,36.875,38.4515893384193
93.125,36.875,36.9223742151899
93.375,36.875,33.6116834650437
93.625,36.875,28.5195173556251
93.875,36.875,25.8587588467236
94.125,36.875,25.6294087322074
94.375,36.875,24.7867933148607
94.625,36.875,23.3309128243654
94.875,36.875,20.553581713548
95.125,36.875,16.4547991426883
95.375,36.875,14.1457095315264
95.625,36.875,13.6263125206299
95.875,36.875,13.2837871573777
96.125,36.875,13.1181336498043
96.375,36.875,12.5266322399977
96.625,36.875,11.5092832762659
96.875,36.875,10.2574906354371
97.125,36.875,8.77125428911476
97.375,36.875,7.87710408091634
97.625,36.875,7.57503967984313
97.875,36.875,6.1587596322942
98.125,36.875,3.62826338942562
98.375,36.875,1.81402631502909
98.625,36.875,0.716048112875294
77.875,36.625,0.517519413227481
78.125,36.625,2.16343847956686
78.375,36.625,3.01723143479654
78.625,36.625,3.07889785543084
78.875,36.625,4.19240919568886
79.125,36.625,6.35776523007523
80.125,36.625,10.5448974387986
80.375,36.625,12.0301174309193
83.625,36.625,23.6356358600869
83.875,36.625,24.1321259332555
84.125,36.625,25.0230626643414
84.375,36.625,25.0164241674578
84.625,36.625,24.1122109798182
84.875,36.625,25.5542959335482
85.125,36.625,29.3426785595449
85.375,36.625,31.2240486149277
85.625,36.625,31.1984056146372
85.875,36.625,30.4129005038401
86.125,36.625,28.8675340936564
86.375,36.625,30.4379576929978
86.625,36.625,35.1241728637367
86.875,36.625,37.4988762271103
87.125,36.625,37.5620684327114
87.375,36.625,36.9523656921018
87.625,36.625,35.6697670351315
87.875,36.625,38.2650283900045
88.125,36.625,44.7381500954429
88.375,36.625,47.9700782084854
88.625,36.625,47.9608126162396
88.875,36.625,46.9717825970457
89.125,36.625,45.0029887786745
89.375,36.625,47.320171332723
89.625,36.625,53.9233302952278
89.875,36.625,57.1637918046543
90.125,36.625,57.0415554505729
90.375,36.625,54.7006971177601
90.625,36.625,50.1412164295713
90.875,36.625,49.8238430093442
91.125,36.625,53.748576916364
91.375,36.625,55.7094036146289
91.625,36.625,55.7063238099794
91.875,36.625,51.7381694194373
92.125,36.625,43.8049407556298
92.375,36.625,39.7330820955691
92.625,36.625,39.5225946824998
92.875,36.625,39.4440494701627
93.125,36.625,39.49744656172
93.375,36.625,36.0958276059301
93.625,36.625,29.2391926337921
93.875,36.625,25.7028581655806
94.125,36.625,25.4868242081255
94.375,36.625,25.3702084361886
94.625,36.625,25.3530109358508
94.875,36.625,22.9580752361921
95.125,36.625,18.1854005216754
95.375,36.625,15.5346836099911
95.625,36.625,15.0059248076264
95.875,36.625,14.2835819322793
96.125,36.625,13.3676548499791
96.375,36.625,12.9082633596756
96.625,36.625,12.9054079809315
96.875,36.625,11.9285364000836
97.125,36.625,9.97764962592295
97.375,36.625,9.0029626373246
97.625,36.625,9.0044755161496
97.875,36.625,7.49097348982025
98.125,36.625,4.46245621009952
98.375,36.625,2.40389380402242
98.625,36.625,1.31528621536813
98.875,36.625,0.771001211128065
99.125,36.625,0.771039013564587
99.375,36.625,0.559517414065167
99.625,36.625,0.13643656336658
77.875,36.375,0.807788482077775
78.125,36.375,1.38117214139728
78.375,36.375,1.69504377451681
78.625,36.375,1.74940385307585
78.875,36.375,3.1653434537085
79.125,36.375,5.94286322036669
79.375,36.375,7.31741428481681
79.625,36.375,7.28899614214897
79.875,36.375,7.72474765568262
80.125,36.375,8.62466874488053
80.375,36.375,10.487668657977
82.125,36.375,19.6408698541245
82.375,36.375,21.1856164845526
82.625,36.375,21.287370380165
82.875,36.375,21.6834631602945
83.125,36.375,22.3738958273526
83.375,36.375,22.768857815436
83.625,36.375,22.8683489409941
83.875,36.375,24.1871832534405
84.125,36.375,26.7253597455365
84.375,36.375,27.8362146186909
84.625,36.375,27.5197474074018
84.875,36.375,28.3277732529367
85.125,36.375,30.2602923454539
85.375,36.375,31.1981726002126
85.625,36.375,31.1414145983578
85.875,36.375,30.8404493085597
86.125,36.375,30.2952765260601
86.375,36.375,31.8417505644617
86.625,36.375,35.479870494597
86.875,36.375,37.3257557397797
87.125,36.375,37.3794055271539
87.375,36.375,37.9682318052632
87.625,36.375,39.0922341960172
87.875,36.375,41.6924377340646
88.125,36.375,45.7688432445883
88.375,36.375,47.8104740315427
88.625,36.375,47.8173301954111
88.875,36.375,48.6212152747526
89.125,36.375,50.2221302778238
89.375,36.375,52.55636191879
89.625,36.375,55.6239109624709
89.875,36.375,57.1024778508005
90.125,36.375,56.9920613853704
90.375,36.375,56.4592442052705
90.625,36.375,55.5040258344263
90.875,36.375,55.1892857493744
91.125,36.375,55.5150242557838
91.375,36.375,55.6750846385956
91.625,36.375,55.6694668707305
91.875,36.375,52.4880387939446
92.125,36.375,46.1308012437253
92.375,36.375,42.0584242167572
92.625,36.375,40.2709069311841
92.875,36.375,39.4068639216252
93.125,36.375,39.4662940870172
93.375,36.375,35.9991673436193
93.625,36.375,29.0054839212359
93.875,36.375,25.479799650472
94.125,36.375,25.4221146988915
94.375,36.375,25.3883505070859
94.625,36.375,25.378507834796
94.875,36.375,23.6709199751594
95.125,36.375,20.2655875979435
95.375,36.375,18.4627425379608
95.625,36.375,18.2623848883923
95.875,36.375,16.7942200395678
96.125,36.375,14.0582477351739
96.375,36.375,12.6805413789249
96.625,36.375,12.661100945125
96.875,36.375,11.7205868346173
97.125,36.375,9.85899892678218
97.375,36.375,8.92580264547751
97.625,36.375,8.9209975664016
97.875,36.375,7.74643724613513
98.125,36.375,5.4021216985193
98.375,36.375,4.05130973038751
98.625,36.375,3.6940018525968
98.875,36.375,3.51987945976711
99.125,36.375,3.52894329134197
99.375,36.375,2.8889902976652
99.625,36.375,1.60002038163089
77.875,36.125,0.0871656170913153
78.125,36.125,0.674366119521714
78.375,36.125,1.06086735578941
78.625,36.125,1.24666920898127
78.875,36.125,2.4994874237194
79.125,36.125,4.81932202278681
79.375,36.125,6.32737736095275
79.625,36.125,7.02365359564622
79.875,36.125,7.47671653198167
80.125,36.125,7.68656615460336
80.375,36.125,9.2128366589901
80.625,36.125,12.0555281857738
81.625,36.125,15.3133682729765
81.875,36.125,16.3105863188438
82.125,36.125,18.3060095509426
82.375,36.125,19.8821130267744
82.625,36.125,21.0388963225165
82.875,36.125,21.8080393647686
83.125,36.125,22.1895415966222
83.375,36.125,22.4250145832498
83.625,36.125,22.5144585031318
83.875,36.125,24.2335443590369
84.125,36.125,27.58227227324
84.375,36.125,29.2375328067779
84.625,36.125,29.1993256111762
84.875,36.125,29.3453887186058
85.125,36.125,29.6757225190999
85.375,36.125,30.3702184626744
85.625,36.125,31.4288759293567
85.875,36.125,31.9290587650701
86.125,36.125,31.8707668924349
86.375,36.125,33.0048132914606
86.625,36.125,35.3311982203098
86.875,36.125,36.9422964922019
87.125,36.125,37.8381076265481
87.375,36.125,39.1673454613647
87.625,36.125,40.9300100650638
87.875,36.125,42.9002638416099
88.125,36.125,45.0781075556009
88.375,36.125,46.9601655670752
88.625,36.125,48.5464391085186
88.875,36.125,50.6110678468166
89.125,36.125,53.1540512910911
89.375,36.125,54.909853761111
89.625,36.125,55.8784753395511
89.875,36.125,56.6077479305722
90.125,36.125,57.0976707286068
90.375,36.125,57.653743535706
90.625,36.125,58.2759681914534
90.875,36.125,58.0304319057702
91.125,36.125,56.9171355596611
91.375,36.125,55.4799497293575
91.625,36.125,53.7188754646817
91.875,36.125,50.7540373006924
92.125,36.125,46.5854356083487
92.375,36.125,43.5419499636273
92.625,36.125,41.623580847756
92.875,36.125,39.8946943610508
93.125,36.125,38.3552912093389
93.375,36.125,34.943710351008
93.625,36.125,29.6599527117042
93.875,36.125,27.0301660986706
94.125,36.125,27.0543507831703
94.375,36.125,26.1871816122661
94.625,36.125,24.4286587708053
94.875,36.125,22.6493546123661
95.125,36.125,20.8492700153164
95.375,36.125,19.9309340655005
95.625,36.125,19.8943472656466
95.875,36.125,18.0514235267327
96.125,36.125,14.4021630432457
96.375,36.125,12.5614785354584
96.625,36.125,12.5293704348483
96.875,36.125,11.8277031640833
97.125,36.125,10.4564776329767
97.375,36.125,9.43911079097362
97.625,36.125,8.77560340838418
97.875,36.125,7.54613045865803
98.125,36.125,5.75069236560237
98.375,36.125,4.85926035842193
98.625,36.125,4.8718344107625
98.875,36.125,4.66965701966768
99.125,36.125,4.25272834967556
99.375,36.125,3.40138491147331
99.625,36.125,2.11562661308618
99.875,36.125,0.615694291428441
78.125,35.875,0.0430201679202062
78.375,35.875,1.11470133800592
78.625,35.875,1.57069476386976
78.875,35.875,2.19484147056937
79.125,35.875,2.987141378898
79.375,35.875,4.45574036709787
79.625,35.875,6.60063875988126
79.875,35.875,7.69225510999206
80.125,35.875,7.73058958708176
80.375,35.875,8.20562131975201
80.625,35.875,9.11735033893159
80.875,35.875,11.0170359779859
81.125,35.875,13.9046784215474
81.375,35.875,15.356828854437
81.625,35.875,15.3734874142711
81.875,35.875,15.4274341746278
82.125,35.875,15.5186693800769
82.375,35.875,17.1890175505674
82.625,35.875,20.438479661263
82.875,35.875,22.1639363559096
83.125,35.875,22.3653869875613
83.375,35.875,22.5020631402127
83.625,35.875,22.5739644561628
83.875,35.875,24.2712099497872
84.125,35.875,27.5937994504968
84.375,35.875,29.2203778939499
84.625,35.875,29.1509452187412
84.875,35.875,28.6071424796468
85.125,35.875,27.5889694656378
85.375,35.875,28.7401855920397
85.625,35.875,32.0607909272469
85.875,35.875,33.6787303316806
86.125,35.875,33.594004186775
86.375,35.875,33.9271463863197
86.625,35.875,34.6781559070484
86.875,35.875,36.3484988172472
87.125,35.875,38.9381745903088
87.375,35.875,40.5497067141568
87.625,35.875,41.1830952066751
87.875,35.875,41.8885068269358
88.125,35.875,42.6659408888469
88.375,35.875,45.4191522523761
88.625,35.875,50.1481389048908
88.875,35.875,52.9413388544605
89.125,35.875,53.7987521329806
89.375,35.875,54.380647028415
89.625,35.875,54.6870234317013
89.875,35.875,55.6796016156319
90.125,35.875,57.3583810131465
90.375,35.875,58.2841954042869
90.625,35.875,58.4570435410809
90.875,35.875,58.3472818130893
91.125,35.875,57.9549096411892
91.375,35.875,55.1239992326214
91.625,35.875,49.8545499098443
91.875,35.875,46.5361645995329
92.125,35.875,45.1688431326411
92.375,35.875,44.1836602041298
92.625,35.875,43.5806160281146
92.875,35.875,40.9075416273659
93.125,35.875,36.164437662136
93.375,35.875,32.929456644115
93.625,35.875,31.2025989851781
93.875,35.875,30.3539575737147
94.125,35.875,30.3835329944889
94.375,35.875,27.7667014990534
94.625,35.875,22.5034640422712
94.875,35.875,19.8933789795353
95.125,35.875,19.936446846383
95.375,35.875,19.9392577057593
95.625,35.875,19.9018115508049
95.875,35.875,18.0551924171192
96.125,35.875,14.3994004781025
96.375,35.875,12.5510752337231
96.625,35.875,12.5102159257845
96.875,35.875,12.249885966478
97.125,35.875,11.7700854769597
97.375,35.875,10.542887482118
97.625,35.875,8.56829252879002
97.875,35.875,6.89005270204729
98.125,35.875,5.50816862486037
98.375,35.875,4.8277457834798
98.625,35.875,4.8487841892544
98.875,35.875,4.22033372631385
99.125,35.875,2.94239408593802
99.375,35.875,2.09670127660391
99.625,35.875,1.68325549023935
99.875,35.875,1.19137194011183
100.125,35.875,0.621050669430267
78.375,35.625,0.10722407400608
78.625,35.625,1.37287472915791
78.875,35.625,2.02084308099889
79.125,35.625,2.0511288774865
79.375,35.625,3.14193293566682
79.625,35.625,5.29325519963389
79.875,35.625,6.70793200866098
80.125,35.625,7.38596305737183
80.375,35.625,7.58644938075117
80.625,35.625,7.30939055225324
80.875,35.625,8.6220412290522
81.125,35.625,11.5244015155538
81.375,35.625,13.4727777485159
81.625,35.625,14.4671701294858
81.875,35.625,14.6510260356324
82.125,35.625,14.0243449243983
82.375,35.625,15.3337547218693
82.625,35.625,18.5792555853991
82.875,35.625,20.7748829976079
83.125,35.625,21.920637677448
83.375,35.625,22.2414146289762
83.625,35.625,21.737214613156
83.875,35.625,22.7188416754561
84.125,35.625,25.1862967055025
84.375,35.625,26.8706240777946
84.625,35.625,27.7718233301526
84.875,35.625,27.5673154239144
85.125,35.625,26.2571000828718
85.375,35.625,27.2512941520306
85.625,35.625,30.5498980083414
85.875,35.625,32.7210720958011
86.125,35.625,33.7648161288218
86.375,35.625,34.086801592438
86.625,35.625,33.6870270710616
86.875,35.625,34.777705845769
87.125,35.625,37.3588380544047
87.375,35.625,39.288611805306
87.625,35.625,40.5670279416477
87.875,35.625,41.165994092964
88.125,35.625,41.0855100100239
88.375,35.625,43.4180590679248
88.625,35.625,48.1636410448878
88.875,35.625,51.4099670816967
89.125,35.625,53.1570358562328
89.375,35.625,53.3836497105082
89.625,35.625,52.0898077952454
89.875,35.625,52.2966901634421
90.125,35.625,54.0042973985984
90.375,35.625,55.7703248317043
90.625,35.625,57.5947719814522
90.875,35.625,57.255161917662
91.125,35.625,54.7514950271164
91.375,35.625,50.8666287906823
91.625,35.625,45.6005640061838
91.875,35.625,43.3440149920682
92.125,35.625,44.0969826210113
92.375,35.625,43.3750007433994
92.625,35.625,41.1780703222468
92.875,35.625,37.7047931746358
93.125,35.625,32.9551686397887
93.375,35.625,30.9265680508333
93.625,35.625,31.61899086935
93.875,35.625,31.1037447647325
94.125,35.625,29.3808290878932
94.375,35.625,25.8909060869543
94.625,35.625,20.6339757670959
94.875,35.625,18.3671217817991
95.125,35.625,19.0903446604808
95.375,35.625,18.9225855118107
95.625,35.625,17.8638444538273
95.875,35.625,15.9572915183824
96.125,35.625,13.2029269408612
96.375,35.625,11.986798578993
96.625,35.625,12.3089067439948
96.875,35.625,12.1256704409651
97.125,35.625,11.4370894620062
97.375,35.625,10.1053410250694
97.625,35.625,8.13042439020106
97.875,35.625,6.70492573143648
98.125,35.625,5.82884456217289
98.375,35.625,5.1458599329793
98.625,35.625,4.65597177937272
98.875,35.625,3.7767256877629
99.125,35.625,2.50812174638822
99.375,35.625,1.78098716491479
99.625,35.625,1.59532167476912
99.875,35.625,1.3237781349747
100.125,35.625,0.966356169680755
100.375,35.625,0.236133207522688
78.625,35.375,0.653209439026458
78.875,35.375,1.97749242222025
79.125,35.375,2.01128488323163
79.375,35.375,2.3859547818257
79.625,35.375,3.10150263152484
79.875,35.375,4.52374641006546
80.125,35.375,6.65268674056445
80.375,35.375,7.35532083953953
80.625,35.375,6.63164867153835
80.875,35.375,6.75138319061537
81.125,35.375,7.71452440072206
81.375,35.375,9.6622022804405
81.625,35.375,12.5944165824602
81.875,35.375,13.9813612143199
82.125,35.375,13.8230362417354
82.375,35.375,14.316324230554
82.625,35.375,15.4612244840977
82.875,35.375,17.6408805791466
83.125,35.375,20.8552928221545
83.375,35.375,21.6430688336669
83.625,35.375,20.004209010303
83.875,35.375,19.5764406723148
84.125,35.375,20.3597638514647
84.375,35.375,22.1882697814366
84.625,35.375,25.0619593440067
84.875,35.375,26.2259068810337
85.125,35.375,25.6801133660954
85.375,35.375,25.9035433082132
85.625,35.375,26.8961977425874
85.875,35.375,29.0560840506994
86.125,35.375,32.3832025497265
86.375,35.375,33.4837781991987
86.625,35.375,32.357811535447
86.875,35.375,32.2299178701537
87.125,35.375,33.1000983330466
87.375,35.375,35.3840618285217
87.625,35.375,39.0818092863563
87.875,35.375,40.7327269030114
88.125,35.375,40.3368143371173
88.375,35.375,40.9568871482586
88.625,35.375,42.5929458592752
88.875,35.375,46.0169507392461
89.125,35.375,51.2289026624745
89.375,35.375,51.9188612125991
89.625,35.375,48.0868271717358
89.875,35.375,46.4590134314838
90.125,35.375,47.0354196043242
90.375,35.375,50.1121324362145
90.625,35.375,55.6891526614272
90.875,35.375,54.7540719082402
91.125,35.375,47.3068907606016
91.375,35.375,42.707839173185
91.625,35.375,40.9569173695786
91.875,35.375,41.1775884392716
92.125,35.375,43.3698517297705
92.375,35.375,41.1159707994333
92.625,35.375,34.4159451881601
92.875,35.375,30.286449485831
93.125,35.375,28.7274849792499
93.375,35.375,28.9350445079662
93.625,35.375,30.9091286735521
93.875,35.375,29.2795271935917
94.125,35.375,24.0462392812506
94.375,35.375,20.5597949628674
94.625,35.375,18.8201938167569
94.875,35.375,18.0705833872692
95.125,35.375,18.3109629293992
95.375,35.375,16.8809174497745
95.625,35.375,13.7804457721966
95.875,35.375,11.7577208862773
96.125,35.375,10.8127419600751
96.375,35.375,10.8686494245726
96.625,35.375,11.9254428282779
96.875,35.375,11.4550563044358
97.125,35.375,9.45748988962954
97.375,35.375,8.12647068305384
97.625,35.375,7.46199924800368
97.875,35.375,6.99074908674783
98.125,35.375,6.7127204200652
98.375,35.375,5.81360316962181
98.625,35.375,4.29339711857694
98.875,35.375,3.33883324944015
99.125,35.375,2.94991123600907
99.375,35.375,2.45424180105329
99.625,35.375,1.85182504201574
99.875,35.375,1.01291250192693
78.875,35.125,0.189489512163258
79.125,35.125,0.962757654310693
79.375,35.125,1.34826980854074
79.625,35.125,1.34602604224568
79.875,35.125,2.41181657936956
80.125,35.125,4.5456418061895
80.375,35.125,5.66323966917892
80.625,35.125,5.76461060680893
80.875,35.125,5.81124776172496
81.125,35.125,5.80315091957649
81.375,35.125,7.08396859403168
81.625,35.125,9.6537008098371
81.875,35.125,10.9722120633482
82.125,35.125,11.0395029624303
82.375,35.125,11.5641877058627
82.625,35.125,12.5462659917484
82.875,35.125,14.6336045303249
83.125,35.125,17.8262036057987
83.375,35.125,19.0507481839153
83.625,35.125,18.3072382350541
83.875,35.125,17.904391357214
84.125,35.125,17.8422077669186
84.375,35.125,18.9954015365491
84.625,35.125,21.3639728105937
84.875,35.125,23.2177040648957
85.125,35.125,24.5565953341371
85.375,35.125,24.9642767016332
85.625,35.125,24.440748379752
85.875,35.125,25.844565650395
86.125,35.125,29.1757295562575
86.375,35.125,30.8592882456258
86.625,35.125,30.8952427694308
86.875,35.125,30.920496193222
87.125,35.125,30.9350479268602
87.375,35.125,32.7886908421914
87.625,35.125,36.4814241896073
87.875,35.125,38.6544978901744
88.125,35.125,39.3079116862445
88.375,35.125,39.6743327291416
88.625,35.125,39.7537615269777
88.875,35.125,42.4065270701645
89.125,35.125,47.6326296714107
89.375,35.125,48.5595644501703
89.625,35.125,45.1873330022962
89.875,35.125,43.5115189572175
90.125,35.125,43.5321230350506
90.375,35.125,46.0339290008836
90.625,35.125,51.0169367241008
90.875,35.125,49.7910102334672
91.125,35.125,42.3561500079575
91.375,35.125,38.6414872273093
91.625,35.125,38.6470216785868
91.875,35.125,38.9796825290259
92.125,35.125,39.639468889719
92.375,35.125,36.6109452920833
92.625,35.125,29.8941106945454
92.875,35.125,26.5488099788183
93.125,35.125,26.5750431950625
93.375,35.125,26.758489549027
93.625,35.125,27.0991513126663
93.875,35.125,24.6521445818778
94.125,35.125,19.4174697227421
94.375,35.125,17.0671694733912
94.625,35.125,17.6012442522771
94.875,35.125,17.0605493410291
95.125,35.125,15.4450850100301
95.375,35.125,13.3904900713425
95.625,35.125,10.8967640836856
95.875,35.125,9.63239338415719
96.125,35.125,9.59737746765216
96.375,35.125,9.83147706119787
96.625,35.125,10.3346925066828
96.875,35.125,9.58819052773483
97.125,35.125,7.59197149250124
97.375,35.125,6.39141768683635
97.625,35.125,5.98652936574959
97.875,35.125,5.79602783096156
98.125,35.125,5.81991271459985
98.375,35.125,5.14947221653447
98.625,35.125,3.78470637840884
98.875,35.125,3.13064773455262
99.125,35.125,3.18729637302458
99.375,35.125,2.80511228746424
99.625,35.125,1.98409576348606
99.875,35.125,1.0358364389411
79.375,34.875,0.0288780170004997
79.625,34.875,0.0268256079228153
79.875,34.875,0.372142187807532
80.125,34.875,1.06482786768604
80.375,34.875,2.51020594916883
80.625,34.875,4.70827645961018
80.875,34.875,5.80163477260974
81.125,34.875,5.79028079599763
81.375,34.875,5.73807681786961
81.625,34.875,5.64502294299503
81.875,34.875,5.62357905353198
82.125,34.875,5.67374478893
82.375,34.875,7.07734533175383
82.625,34.875,9.83438025737802
82.875,34.875,11.7530552489151
83.125,34.875,12.8333703685286
83.375,34.875,14.4644525340182
83.625,34.875,16.6463025045182
83.875,34.875,17.7026945036304
84.125,34.875,17.6336287703443
84.375,34.875,17.2920186210601
84.625,34.875,16.6778638674567
84.875,34.875,18.5427065957692
85.125,34.875,22.886546546753
85.375,34.875,24.4334945261833
85.625,34.875,23.1835501302211
85.875,34.875,23.0865177267187
86.125,34.875,24.1423967137312
86.375,34.875,26.2133313606715
86.625,34.875,29.2993207397383
86.875,34.875,30.8494400649199
87.125,34.875,30.8636877650306
87.375,34.875,31.5024986231611
87.625,34.875,32.7658729410597
87.875,34.875,34.9313077065916
88.125,34.875,37.9988025600002
88.375,34.875,39.5703961270906
88.625,34.875,39.6460878309661
88.875,34.875,40.578695030999
89.125,34.875,42.368217356574
89.375,34.875,43.3057602750758
89.625,34.875,43.3913230674253
89.875,34.875,43.4542061116014
90.125,34.875,43.4944081313553
90.375,34.875,43.5357137012162
90.625,34.875,43.5781220479381
90.875,34.875,42.365974953509
91.125,34.875,39.8992730751811
91.375,34.875,38.6675734221581
91.625,34.875,38.6708770661837
91.875,34.875,36.7502971179429
92.125,34.875,32.905833945348
92.375,34.875,29.859924410594
92.625,34.875,27.6125681818951
92.875,34.875,26.4918743393694
93.125,34.875,26.4978430842005
93.375,34.875,24.3969042455157
93.625,34.875,20.1890587494842
93.875,34.875,17.2215972989975
94.125,34.875,15.4945197927766
94.375,34.875,15.4130297319165
94.625,34.875,16.9771268790943
94.875,34.875,15.3370204881277
95.125,34.875,10.4927102202461
95.375,34.875,8.45130328119156
95.625,34.875,9.21279979594761
95.875,34.875,9.58130975142121
96.125,34.875,9.55683289769859
96.375,34.875,8.87528161254845
96.625,34.875,7.53665605810959
96.875,34.875,6.52507378599119
97.125,34.875,5.84053451237934
97.375,34.875,4.90018208839354
97.625,34.875,3.70401549654392
97.875,34.875,3.12076220915076
98.125,34.875,3.15042148271487
98.375,34.875,3.15346727679883
98.625,34.875,3.12989934412319
98.875,34.875,3.15216929758234
99.125,34.875,3.2202769634713
99.375,34.875,2.83359840710847
99.625,34.875,1.99213369690946
99.875,34.875,1.39255015757822
100.125,34.875,1.03484807688566
100.375,34.875,0.826887479628481
100.625,34.875,0.768668519998236
100.875,34.875,0.596173059328326
101.125,34.875,0.309400460132886
80.375,34.625,0.340561249071644
80.625,34.625,2.44215051890129
80.875,34.625,3.87526608613054
81.125,34.625,4.63990800511092
81.375,34.625,4.48670792426204
81.625,34.625,3.41566667198425
81.875,34.625,2.89556988794357
82.125,34.625,2.92641739340144
82.375,34.625,4.757894720758
82.625,34.625,8.39000113747482
82.875,34.625,10.2134795384814
83.125,34.625,10.2283292967471
83.375,34.625,11.3191667472522
83.625,34.625,13.4859919656778
83.875,34.625,15.0243561796134
84.125,34.625,15.9342596819713
84.375,34.625,15.5935297218861
84.625,34.625,14.0021665093445
84.875,34.625,15.393985935957
85.125,34.625,19.7689874309869
85.375,34.625,21.909537763663
85.625,34.625,21.8156370659581
85.875,34.625,21.7381806470454
86.125,34.625,21.6771687381324
86.375,34.625,23.025149844303
86.625,34.625,25.7821233978761
86.875,34.625,27.570842425064
87.125,34.625,28.3913065076229
87.375,34.625,28.8220633176466
87.625,34.625,28.8631130671572
87.875,34.625,30.4888764346395
88.125,34.625,33.6993541384737
88.375,34.625,35.550975771479
88.625,34.625,36.0437418542093
88.875,34.625,36.322081245411
89.125,34.625,36.3859934364756
89.375,34.625,37.1054133131967
89.625,34.625,38.4803400252192
89.875,34.625,39.0112093740276
90.125,34.625,38.6980196777199
90.375,34.625,37.63756553442
90.625,34.625,35.8298457427394
90.875,34.625,34.9354639083679
91.125,34.625,34.9544201166502
91.375,34.625,34.426690725858
91.625,34.625,33.3522762648407
91.875,34.625,30.5229810070956
92.125,34.625,25.9388052411732
92.375,34.625,23.6341297701001
92.625,34.625,23.6089546052118
92.875,34.625,22.937767573242
93.125,34.625,21.6205693772506
93.375,34.625,19.0778687955723
93.625,34.625,15.3096656379246
93.875,34.625,13.4377998065026
94.125,34.625,13.4622707754728
94.375,34.625,13.7054394756067
94.625,34.625,14.1673055893032
94.875,34.625,11.9829670671196
95.125,34.625,7.15242376813576
95.375,34.625,5.63772525588228
95.625,34.625,7.43887156343886
95.875,34.625,8.03211332402591
96.125,34.625,7.41745063632372
96.375,34.625,6.58026390434465
96.625,34.625,5.5205530709454
96.875,34.625,4.97616522397314
97.125,34.625,4.94710126026046
97.375,34.625,4.1359941031429
97.625,34.625,2.54284421622398
97.875,34.625,1.76239890271709
98.125,34.625,1.79465799347631
98.375,34.625,2.06262271326213
98.625,34.625,2.56629302292353
98.875,34.625,2.75828325815854
99.125,34.625,2.63859308713249
99.375,34.625,2.3282053980799
99.625,34.625,1.82712012182566
99.875,34.625,1.58014783203114
100.125,34.625,1.58728822450641
100.375,34.625,1.53233320679338
100.625,34.625,1.4152828757252
100.875,34.625,1.21157092528329
101.125,34.625,0.921197376715108
101.375,34.625,0.271969518615376
80.875,34.375,0.0321413469367792
81.125,34.375,2.35203208956158
81.375,34.375,3.32986214278887
81.625,34.375,2.96563176141963
81.875,34.375,2.78818470920392
82.125,34.375,2.79752090437604
82.375,34.375,4.60583544824095
82.625,34.375,8.21312877626291
82.875,34.375,10.0148771172378
83.125,34.375,10.011080490678
83.375,34.375,9.61489046539091
83.625,34.375,8.82630698718574
83.875,34.375,9.86937706583135
84.125,34.375,12.744100190504
84.375,34.375,13.8999350017957
84.625,34.375,13.3368809974531
84.875,34.375,13.7715420116094
85.125,34.375,15.2039175182758
85.375,34.375,17.3924065910989
85.625,34.375,20.3370092180868
85.875,34.375,21.7995554368411
86.125,34.375,21.7800450182032
86.375,34.375,21.2947432285441
86.625,34.375,20.3436494793566
86.875,34.375,21.0847032578396
87.125,34.375,23.5179044656456
87.375,34.375,24.7473847908633
87.625,34.375,24.7731442099881
87.875,34.375,25.3272046466824
88.125,34.375,26.4095650532239
88.375,34.375,27.616071468432
88.625,34.375,28.9467239160978
88.875,34.375,29.6366858572477
89.125,34.375,29.6859575523862
89.375,34.375,29.9585234584553
89.625,34.375,30.4543837902269
89.875,34.375,30.1825288849572
90.125,34.375,29.1429588193695
90.375,34.375,28.3394848174637
90.625,34.375,27.7721073001268
90.875,34.375,27.499475738965
91.125,34.375,27.5215906978629
91.375,34.375,25.9188380485844
91.625,34.375,22.6912197389773
91.875,34.375,20.2977344738541
92.125,34.375,18.7383833040151
92.375,34.375,17.9335619080102
92.625,34.375,17.8832696213786
92.875,34.375,15.8864901073277
93.125,34.375,11.9432222892486
93.375,34.375,10.8013831124774
93.625,34.375,12.460972109366
93.875,34.375,13.3007519917474
94.125,34.375,13.3207223581328
94.375,34.375,11.9443985319829
94.625,34.375,9.17178022188268
94.875,34.375,6.99838941452049
95.125,34.375,5.42422575688078
95.375,34.375,4.94975595216134
95.625,34.375,5.57497946799156
95.875,34.375,4.98480430990458
96.125,34.375,3.17923083764811
96.375,34.375,2.94642392489172
96.625,34.375,4.2863835509423
96.875,34.375,4.94146581320536
97.125,34.375,4.91167115155785
97.375,34.375,4.09885421512382
97.625,34.375,2.50301532477495
97.875,34.375,1.72093785982302
98.125,34.375,1.75262156153719
98.375,34.375,1.87693838899778
98.625,34.375,2.09388743029641
98.875,34.375,1.94898944827063
99.125,34.375,1.44224465900943
99.375,34.375,1.28893338489745
99.625,34.375,1.48905537545326
99.875,34.375,1.59862945447676
100.125,34.375,1.61765537153253
100.375,34.375,1.51153349201417
100.625,34.375,1.28026386428447
100.875,34.375,1.08214976720323
101.125,34.375,0.917191237694351
101.375,34.375,0.625873190776578
101.625,34.375,0.208195086659509
101.875,34.375,0.106423547118902
102.125,34.375,0.32055846046479
81.375,34.125,1.53417804952977
81.625,34.125,2.30098814934248
81.875,34.125,2.45986350313539
82.125,34.125,2.01080437884223
82.375,34.125,3.12977725437709
82.625,34.125,5.8167820496662
82.875,34.125,7.54141568002247
83.125,34.125,8.303678059191
83.375,34.125,7.8312783793768
83.625,34.125,6.12421677870055
83.875,34.125,6.71675018589678
84.125,34.125,9.60887895246879
84.375,34.125,11.5295667602991
84.625,34.125,12.4788139179615
84.875,34.125,12.6511006981578
85.125,34.125,12.0464271034513
85.375,34.125,13.4306194578608
85.625,34.125,16.8036773200701
85.875,34.125,19.0083852615119
86.125,34.125,20.0447429338914
86.375,34.125,19.5191107600129
86.625,34.125,17.4314886986766
86.875,34.125,17.6045166472771
87.125,34.125,20.0381947434552
87.375,34.125,21.6604551753561
87.625,34.125,22.4712986436628
87.875,34.125,22.8765183088858
88.125,34.125,22.8761154115377
88.375,34.125,22.8557081156133
88.625,34.125,22.8152971716509
88.875,34.125,23.6940417654103
89.125,34.125,25.4919419505234
89.375,34.125,25.5897323062732
89.625,34.125,23.987413114806
89.875,34.125,22.6674293898223
90.125,34.125,21.6297819514005
90.375,34.125,21.780586012169
90.625,34.125,23.1198419117502
90.875,34.125,22.6425655135087
91.125,34.125,20.3487576479358
91.375,34.125,18.2073593157388
91.625,34.125,16.2183710084075
91.875,34.125,15.1966461080437
92.125,34.125,15.1421838448959
92.375,34.125,14.4277492063209
92.625,34.125,13.0533427779873
92.875,34.125,10.3831428373144
93.125,34.125,6.41714936850504
93.375,34.125,6.06793098259008
93.625,34.125,9.33548738069478
93.875,34.125,10.4659602521963
94.125,34.125,9.45934884510491
94.375,34.125,7.31772395258858
94.625,34.125,4.04108529777399
94.875,34.125,2.93961688646426
95.125,34.125,4.01331939966906
95.375,34.125,4.27149721594261
95.625,34.125,3.71415033709435
95.875,34.125,2.5375073122925
96.125,34.125,0.741567864393195
96.375,34.125,0.792675462595764
96.625,34.125,2.6908308314736
96.875,34.125,3.41106580007999
97.125,34.125,2.95338035839654
97.375,34.125,2.12129366197402
97.625,34.125,0.914805935678028
97.875,34.125,0.658296744099685
98.125,34.125,1.35176583375959
98.375,34.125,1.6350796935459
98.625,34.125,1.50823798810265
98.875,34.125,1.19502273116793
99.125,34.125,0.695434495984088
99.375,34.125,0.664756504756709
99.625,34.125,1.1029888513365
99.875,34.125,1.33896921981303
100.125,34.125,1.37269757409536
100.375,34.125,1.28006084795509
100.625,34.125,1.06105868970709
100.875,34.125,0.932202469797007
101.125,34.125,0.89349200890976
101.375,34.125,0.86604969598619
101.625,34.125,0.849875372089445
101.875,34.125,0.948456789632993
102.125,34.125,1.16179419580758
102.375,34.125,0.676063185548854
103.625,34.125,0.0710777397844059
103.875,34.125,0.0402670463547113
81.625,33.875,1.42173554692861
81.875,33.875,1.91060608396794
82.125,33.875,0.566268105698483
82.375,33.875,0.329719776624725
82.625,33.875,1.20096133969547
82.875,33.875,2.79309527544039
83.125,33.875,5.10612162756068
83.375,33.875,5.96833021140524
83.625,33.875,5.37972098245685
83.875,33.875,5.56647589300604
84.125,33.875,6.52859512860222
84.375,33.875,8.48242481317194
84.625,33.875,11.4279649150425
84.875,33.875,12.0326622040676
85.125,33.875,10.2965166537978
85.375,33.875,10.0241765070174
85.625,33.875,11.2156417110669
85.875,33.875,13.364670226499
86.125,33.875,16.4712624545963
86.375,33.875,17.6982528485003
86.625,33.875,17.0456410520045
86.875,33.875,17.1302825598312
87.125,33.875,17.9521776797339
87.375,33.875,19.5612748093016
87.625,33.875,21.9575746724826
87.875,33.875,23.1368180880589
88.125,33.875,23.0990047255354
88.375,33.875,21.2698865587867
88.625,33.875,17.6494629327385
88.875,33.875,18.4941494987125
89.125,33.875,23.8039466112497
89.375,33.875,23.9990392296087
89.625,33.875,19.0794277773017
89.875,33.875,16.4659114587165
90.125,33.875,16.1584895972695
90.375,33.875,17.9608690171724
90.625,33.875,21.8730493102755
90.875,33.875,20.3647333331051
91.125,33.875,13.435921604612
91.375,33.875,11.2922541643033
91.625,33.875,13.9337312025151
91.875,33.875,15.2197153822652
92.125,33.875,15.1502063597264
92.375,33.875,13.1166923240714
92.625,33.875,9.11917359628493
92.875,33.875,6.42772618328177
93.125,33.875,5.04235022552312
93.375,33.875,4.87751213665165
93.625,33.875,5.93321155296373
93.875,33.875,4.93342427253014
94.125,33.875,1.87815012562843
95.125,33.875,2.91970412138672
95.375,33.875,3.6029486860193
95.625,33.875,1.85638464816092
95.875,33.875,0.690222147178083
96.125,33.875,0.104461444541812
96.375,33.875,0.119019278810759
96.625,33.875,0.733895736258655
96.875,33.875,0.384965250275231
98.125,33.875,0.592090283972877
98.375,33.875,1.33704669819701
98.625,33.875,0.809344431527314
98.875,33.875,0.49638308645226
99.125,33.875,0.39816224802995
99.375,33.875,0.455674727420722
99.625,33.875,0.668920440900893
99.875,33.875,0.80116708734117
100.125,33.875,0.852414664732558
100.375,33.875,0.837914785512147
100.625,33.875,0.757667614661512
100.875,33.875,0.761729098718968
101.125,33.875,0.850099554833113
101.375,33.875,0.992499285594871
101.625,33.875,1.18892825545654
101.875,33.875,1.29358841745804
102.125,33.875,1.30648019117348
102.375,33.875,1.10504619706688
102.625,33.875,0.689286863147502
102.875,33.875,0.885752602542441
103.125,33.875,1.69444326595182
103.375,33.875,2.18950575937827
103.625,33.875,2.37094042918512
103.875,33.875,1.67740775650101
104.125,33.875,0.108906958748896
83.125,33.625,1.5062115012535
83.375,33.625,2.37867891694463
83.625,33.625,2.34947131105832
83.875,33.625,2.73735309449867
84.125,33.625,3.54232466969462
84.375,33.625,5.43659939137953
84.625,33.625,8.4201766314872
84.875,33.625,9.51543100323705
85.125,33.625,8.72236254692433
85.375,33.625,8.38747683384323
85.625,33.625,8.51077392512844
85.875,33.625,10.1461632241894
86.125,33.625,13.2936445127108
86.375,33.625,15.4090870066058
86.625,33.625,16.4924908677737
86.875,33.625,16.4710253308572
87.125,33.625,15.344690598359
87.375,33.625,15.9661677145887
87.625,33.625,18.3354567066722
87.875,33.625,19.7833570707412
88.125,33.625,20.3098691763445
88.375,33.625,18.5279544711823
88.625,33.625,14.4376138632895
88.875,33.625,15.0326091638988
89.125,33.625,20.3129403461303
89.375,33.625,20.5457829376062
89.625,33.625,15.7311366265019
89.875,33.625,13.3525911304113
90.125,33.625,13.4101462864007
90.375,33.625,14.8807646954299
90.625,33.625,17.7644459596879
90.875,33.625,15.7445600528093
91.125,33.625,8.82110705758844
91.375,33.625,7.21557381575306
91.625,33.625,10.9279604606685
91.875,33.625,12.037921266648
92.125,33.625,10.5454561793201
92.375,33.625,7.7924386823816
92.625,33.625,3.77886897965467
92.875,33.625,2.40073104222261
93.125,33.625,3.65802507745546
93.375,33.625,3.7487581672413
93.625,33.625,2.67293051555753
93.875,33.625,0.606874017275515
95.375,33.625,0.0566736377953068
100.125,33.625,0.29995388087506
100.375,33.625,0.561101167201109
100.625,33.625,0.559406111957062
100.875,33.625,0.692556317647299
101.125,33.625,0.960551730909251
101.375,33.625,1.19926472429097
101.625,33.625,1.40869547967755
101.875,33.625,1.46999926215836
102.125,33.625,1.38317574704332
102.375,33.625,1.45208462930861
102.625,33.625,1.67672607539931
102.875,33.625,2.18842482589008
103.125,33.625,2.98718048511517
103.375,33.625,3.42668214426154
103.625,33.625,3.50692994761325
103.875,33.625,2.89280195355061
104.125,33.625,1.58429827992139
104.375,33.625,1.15493614521498
84.125,33.375,0.650067707044738
84.375,33.375,2.39209002247524
84.625,33.375,3.45544921636936
84.875,33.375,5.09940748241331
85.125,33.375,7.32396478131857
85.375,33.375,8.5205205491744
85.625,33.375,8.68907458920564
85.875,33.375,9.35286392945397
86.125,33.375,10.5118886529158
86.375,33.375,12.6516133987833
86.625,33.375,15.7720379668155
86.875,33.375,15.6267450345237
87.125,33.375,12.2157343785678
87.375,33.375,10.875133948986
87.625,33.375,11.6049441479146
87.875,33.375,12.816135583645
88.125,33.375,14.5087079829492
88.375,33.375,14.6299129534513
88.625,33.375,13.1797498814828
88.875,33.375,13.3094201112964
89.125,33.375,15.0189234671671
89.375,33.375,15.2299629248324
89.625,33.375,13.9425388891782
89.875,33.375,13.3274684818772
90.125,33.375,13.3847520450086
90.375,33.375,12.5402729808929
90.625,33.375,10.7940316279374
90.875,33.375,8.7820454270712
91.125,33.375,6.50431413029631
91.375,33.375,5.97731829883442
91.625,33.375,7.20105867433761
91.875,33.375,5.65126375226038
92.125,33.375,1.32793333373432
93.125,33.375,2.26417370802235
93.375,33.375,2.68166936242155
100.375,33.375,0.449619781296877
100.625,33.375,0.466274579862753
100.875,33.375,0.72468413341613
101.125,33.375,1.2248486388763
101.375,33.375,1.48634628500967
101.625,33.375,1.50917727531244
101.875,33.375,1.47768894443288
102.125,33.375,1.39188165155993
102.375,33.375,1.71717923396666
102.625,33.375,2.45358153838842
102.875,33.375,2.96228622201653
103.125,33.375,3.24329285140903
103.375,33.375,3.4155463326545
103.625,33.375,3.47904595952658
103.875,33.375,3.68645033377356
104.125,33.375,4.0377591589377
104.375,33.375,4.29102867898487
104.625,33.375,4.44625892912348
84.375,33.125,0.881670974833624
84.625,33.125,0.986672560143329
84.875,33.125,2.21140079981193
85.125,33.125,4.55585554180933
85.375,33.125,6.18118672339423
85.625,33.125,7.08739483267335
85.875,33.125,7.62473123091317
86.125,33.125,7.79319607015877
86.375,33.125,9.44018799801845
86.625,33.125,12.5657069031681
86.875,33.125,12.6962744921091
87.125,33.125,9.83189088290646
87.375,33.125,8.34841672613153
87.625,33.125,8.24585149508147
87.875,33.125,8.56465161936801
88.125,33.125,9.30481663832352
88.375,33.125,9.65869546376523
88.625,33.125,9.62628892967921
88.875,33.125,9.56852693767952
89.125,33.125,9.48541031260753
89.375,33.125,9.62179503683888
89.625,33.125,9.97768088240354
89.875,33.125,9.86920398512767
90.125,33.125,9.29636458829045
90.375,33.125,7.5002526743781
90.625,33.125,4.48086915441922
90.875,33.125,2.99782043200962
91.125,33.125,3.05110652593098
91.375,33.125,2.428357319658
91.625,33.125,1.12957243002242
100.625,33.125,0.0169891548830838
100.875,33.125,0.428574475317839
101.125,33.125,1.22026322967417
101.375,33.125,1.58511850555383
101.625,33.125,1.52314037107197
101.875,33.125,1.62411885222509
102.125,33.125,1.88805352830816
102.375,33.125,2.39099801567694
102.625,33.125,3.13295199321139
102.875,33.125,3.75170776613633
103.125,33.125,4.24726511919428
103.375,33.125,4.52069611466002
103.625,33.125,4.57200118308177
103.875,33.125,4.90506112799935
104.125,33.125,5.51987666594574
104.375,33.125,5.82873985852514
104.625,33.125,5.83165133720974
84.375,32.875,0.905341696765806
84.625,32.875,1.01384696312958
84.875,32.875,0.851411229092628
85.125,32.875,0.418034444447784
85.375,32.875,1.36947572288946
85.625,32.875,3.7057349502109
85.875,32.875,4.96176519401017
86.125,32.875,5.137566620892
86.375,32.875,5.77481046452941
86.625,32.875,6.87349700131232
86.875,32.875,7.67961364133018
87.125,32.875,8.1931603618321
87.375,32.875,8.38601553487991
87.625,32.875,8.25817904961961
87.875,32.875,7.02890551173616
88.125,32.875,4.69819515680983
88.375,32.875,3.61430323684499
88.625,32.875,3.77723014574675
88.875,32.875,3.80992950198595
89.125,32.875,3.71240116605491
89.375,32.875,3.72127897376195
89.625,32.875,3.83656234473788
89.875,32.875,2.9777975132068
90.125,32.875,1.14498425629877
101.125,32.875,0.94679560598119
101.375,32.875,1.49558143844008
101.625,32.875,1.45058506848291
101.875,32.875,1.90928845587852
102.125,32.875,2.87169176552977
102.375,32.875,3.4735415614077
102.625,32.875,3.71483749963698
102.875,32.875,4.55668905615097
103.125,32.875,5.99909673955824
103.375,32.875,6.74213232052113
103.625,32.875,6.78579529836064
103.875,32.875,6.54863469104416
104.125,32.875,6.03065050801351
104.375,32.875,5.7680697836514
104.625,32.875,5.76089280444597
85.625,32.625,0.895485340564379
85.875,32.625,2.50040571881192
86.125,32.625,3.37904099955645
86.375,32.625,3.5199667944972
86.625,32.625,2.92318357024342
86.875,32.625,3.44286109950127
87.125,32.625,5.0789994881178
87.375,32.625,5.9816162115096
87.625,32.625,6.15071118001693
87.875,32.625,4.76003171319053
88.125,32.625,1.80957775409001
88.375,32.625,0.410245963558555
88.625,32.625,0.562036226938168
88.875,32.625,0.642503158929979
89.125,32.625,0.65164724370642
89.375,32.625,0.657302609733528
89.625,32.625,0.659469370818919
101.125,32.625,0.931740998671879
101.375,32.625,1.63536805504312
101.625,32.625,1.60428493038884
101.875,32.625,2.18903082224008
102.125,32.625,3.38960598907655
102.375,32.625,3.98839776414846
102.625,32.625,3.9854062988955
102.875,32.625,4.9438088213404
103.125,32.625,6.8636058194208
103.375,32.625,7.84378454472338
103.625,32.625,7.8843448372203
103.875,32.625,7.5003324226698
104.125,32.625,6.69174748503027
104.375,32.625,6.58004610857793
104.625,32.625,7.16522805338193
85.875,32.375,0.240652693204936
86.125,32.375,2.51761875695416
86.375,32.375,2.67565658407375
86.625,32.375,0.714766275386016
87.125,32.375,0.489408197386988
87.375,32.375,1.1352185902851
87.625,32.375,1.92344819733075
87.875,32.375,1.7580301462717
88.125,32.375,0.638964753260924
88.375,32.375,0.0465237487284908
88.875,32.375,0.0662483057095893
89.125,32.375,0.303148178328826
89.375,32.375,0.429866432082018
89.625,32.375,0.446402386580372
101.125,32.375,1.17509929692107
101.375,32.375,2.00447874320228
101.625,32.375,1.98424035574177
101.875,32.375,2.46334620284892
102.125,32.375,3.44179624504454
102.375,32.375,3.93556684488874
102.625,32.375,3.94465814025274
102.875,32.375,4.91306645368182
103.125,32.375,6.84079171002044
103.375,32.375,7.82565266294848
103.625,32.375,7.86764925500999
103.875,32.375,7.76015402914158
104.125,32.375,7.50316757293684
86.375,32.125,0.276959182455071
101.125,32.125,1.23296670264431
101.375,32.125,2.15300638384762
101.625,32.125,2.13801153774063
101.875,32.125,2.45636256535848
102.125,32.125,3.10805856546476
102.375,32.125,3.74416907647004
102.625,32.125,4.36469371790687
102.875,32.125,5.40680279130382
103.125,32.125,6.87049577590078
103.375,32.125,7.67159187112536
103.625,32.125,7.8100908257422
103.875,32.125,8.18860607345899
101.125,31.875,1.10534391119367
101.375,31.875,2.08095086947793
101.625,31.875,2.06559907183761
101.875,31.875,2.16807979863314
102.125,31.875,2.38839282776628
102.375,31.875,3.41420376449823
102.625,31.875,5.2455130212009
102.875,31.875,6.42501797467204
103.125,31.875,6.95271844674079
103.375,31.875,7.38160229181605
103.625,31.875,7.71166947851224
103.875,31.875,8.78568772922847
101.125,31.625,0.27167212294326
101.375,31.625,1.3519032222884
101.625,31.625,2.00806975066662
101.875,31.625,2.33838408447447
102.125,31.625,2.34284617464457
102.375,31.625,3.4810638500821
102.625,31.625,5.75303675198839
102.875,31.625,6.92110027780845
103.125,31.625,6.98525434796299
103.375,31.625,7.55904011486897
103.625,31.625,8.64245784405087
103.875,31.625,10.0940565320574
101.625,31.375,1.96542409789704
101.875,31.375,2.96727622035181
102.125,31.375,2.97141915817878
102.375,31.375,3.94474863722211
102.625,31.375,5.88726510029463
102.875,31.375,6.8950504367905
103.125,31.375,6.96810375214333
103.375,31.375,8.20390543245843
103.625,31.375,10.6024552466259
103.875,31.375,12.1137124185761
101.625,31.125,1.93544508481753
101.875,31.125,3.26918394457815
102.125,31.125,3.27152805218606
102.375,31.125,4.35212070567622
102.625,31.125,6.51096209755966
102.875,31.125,7.63063578857553
103.125,31.125,7.71114190581831
103.375,31.125,9.09022531580357
103.625,31.125,11.7678857757399
101.625,30.875,1.91813375517016
101.875,30.875,3.24410791876061
102.125,30.875,3.2431727204871
102.375,30.875,4.70317925569557
102.625,30.875,7.62412755712867
102.875,30.875,9.12785738133604
103.125,30.875,9.21436864336332
101.625,30.625,0.95197344535873
101.875,30.625,2.36462010187762
102.125,30.625,3.22273337479149
102.375,30.625,5.19489767576257
102.625,30.625,8.28111291149897
102.875,30.625,9.86968963617193
101.875,30.375,0.630720393288704
102.125,30.375,3.21021022079956
102.375,30.375,5.82727620633031
102.625,30.375,8.48191794698969
101.875,30.125,1.03832439884898
102.125,30.125,3.62279976258675
102.375,30.125,5.83948707892781
101.625,29.875,1.89116872570344
101.875,29.875,3.5874320322559
102.125,29.875,4.46050210344561
102.375,29.875,5.23153052677711
101.625,29.625,1.84776238229215
101.875,29.625,3.55700175215801
102.125,29.625,4.44265097798336
102.375,29.625,5.36593840292522
101.875,29.375,0.947033524619681
102.125,29.375,3.56924676550552
102.375,29.375,6.24271030291205
102.125,29.125,3.10048191934115
102.375,29.125,6.20326529798054
102.125,28.875,3.03635587608885
102.375,28.875,5.24760364333079
102.125,28.625,3.00190070562419
102.375,28.625,4.79356324407494
102.125,28.375,2.99711546326677
102.375,28.375,4.84114453055053
102.125,28.125,1.70180749510016
