routeid,region,variable,long,lat,height,varep
1,AS,long1,108.527294784964,29.5702907455838,3216.49827302099,190159.98002072
2,CS,long1,51.5289087193636,36.759963052718,4433.5895790926,104893.850597397
3,ATO,long1,-69.8966909434455,30.5885792358599,6945.63909519777,71727.5056416788
4,AS,long1,86.8556414361954,44.9335835624963,3251.31626029878,71565.3240416949
5,ATO,long1,-46.7054971025261,31.7706185932052,7112.22517524118,67987.1447759167
6,NAF,long1,1.4250115146196,34.7011704620338,6804.73019099587,43331.2045177487
7,EU,long1,17.4151569475871,50.625269379046,6133.28022803793,43007.5128694977
8,NA,long1,-75.3199479715478,40.9794668331828,6492.34217225355,55784.367303124
9,AS,long1,136.103528607749,34.5203668639114,8406.8898246494,5442.95578908738
10,NAF,long1,-1.81605440700399,26.7877430561252,6077.76314159231,52127.4427524774
11,MS,long1,20.0571127044766,33.2122048429169,5907.91160349947,58241.1050607641
12,NA,long1,-111.577724664422,38.2739756861074,7371.75073754797,35885.0425275116
13,IO,long1,65.2846256718061,20.6489791084163,3459.63921840567,200031.556596119
14,AS,long1,70.5928839801271,45.3727680799449,3667.81769494954,96193.0508431805
15,ATO,long1,-31.8571101688413,34.374122891977,7574.186539475,46917.6607418454
16,NA,long1,-103.33853192005,32.8412293599364,7465.15741556726,37308.5204602631
17,ATO,long1,-34.7112624539185,43.2443718733908,6884.74566994527,38660.9999448121
18,AS,long1,82.0487236480558,25.1993921148978,3384.30466412796,199025.458866781
19,AS,long1,41.6063608328398,22.7991963388169,5289.27659666871,91628.0363427657
20,BS,long1,30.7163013964377,44.8993450461892,5945.72286801585,44295.8374050393
1,AS,long2,108.939704950105,29.4682550396065,3199.28708429192,2879.75683977747
2,CS,long2,53.2972058849944,36.6129269587641,4357.15578535691,4340.67398909777
3,ATO,long2,-67.5449099353151,30.6841610125168,6997.38959643774,-1553.73040081172
4,AS,long2,88.5560461373288,44.7832152890666,3168.03617545838,2809.58521992336
5,ATO,long2,-43.7977342275049,31.9658503457585,7170.2191001928,-2788.80992482341
6,NAF,long2,4.17145826576908,34.677882028991,6784.34201741171,-879.215024678849
7,EU,long2,20.453102206239,51.167768888691,6195.74601067239,-1041.05791227513
8,NA,long2,-70.9461169208872,41.6074617732051,6633.71420361953,-3121.9860442328
9,AS,long2,120.847728036368,35.6494058841806,8615.67004659625,-910.760882213784
10,NAF,long2,-0.286732994310772,26.6216855881802,6021.47374098443,-237.396283216364
11,MS,long2,22.6520599674837,33.2890752153478,5873.165933455,506.442938678478
12,NA,long2,-110.178925969114,38.3819437099916,7348.57981097941,-1002.5965551392
13,IO,long2,66.1927075012297,20.7500332759413,3409.30631664214,7709.48102064277
14,AS,long2,72.1743793852855,45.2381604655619,3589.17760875177,4890.57707457113
15,ATO,long2,-28.3934985648847,34.6672600855485,7621.7584401574,-3059.95956578429
16,NA,long2,-119.856886659447,33.1850273918745,7497.60338063206,-1527.09021975612
17,ATO,long2,-29.7743649611306,43.9577023124514,6992.60822446614,-3148.05473771814
18,AS,long2,82.9813986339337,25.2176905327477,3330.73787897624,5534.46230055056
19,AS,long2,42.0338731724637,22.6855831813778,5224.40166570242,2408.39243573208
20,BS,long2,33.8713839161572,45.3616841969168,5953.487011864,304.747639204054
1,AS,long3,109.259697069648,29.3539963730367,3181.18642871611,-692.323778276443
2,CS,long3,54.9732718322106,36.4367346173142,4262.6544215384,1696.35219024942
3,ATO,long3,-65.1398703094003,30.7766914729837,7073.88962519231,-951.347275616298
4,AS,long3,90.1072898230813,44.5956775125269,3073.80149278078,-61.1847830008975
5,ATO,long3,-40.9197585155545,32.1425228415381,7236.76556452509,-2396.67102955206
6,NAF,long3,6.90133856276229,34.6533166018328,6759.22725124055,-752.78057991394
7,EU,long3,23.2671400557948,51.7336682846642,6255.38648349696,-965.276598700895
8,NA,long3,-66.2197744136788,42.3902849807374,6797.84732866373,-3557.62149692793
9,AS,long3,73.6061407505006,36.7713813018127,8843.70918362483,-1003.94003975775
10,NAF,long3,1.15961307506811,26.4716779071913,5957.80134154619,359.404679528786
11,MS,long3,25.278979461386,33.3508584722265,5824.69910889143,166.975050156356
12,NA,long3,-106.863177786163,38.5529451706706,7344.42327518187,-1098.09255699692
13,IO,long3,67.0956510402473,20.8191421163954,3349.08607451325,2735.25786253589
14,AS,long3,73.7046474626885,45.0457960025096,3500.13710088669,800.348291689465
15,ATO,long3,-24.8485941588189,35.0021465785265,7661.54951699606,-2428.2870776398
16,NA,long3,-125.787726521588,33.360017837466,7508.47305899593,-1565.27537919216
17,ATO,long3,-24.4581787789245,44.7056450666084,7091.94738007479,-2603.35323871695
18,AS,long3,83.8440018455979,25.2092498932602,3283.41888284076,-630.18081801436
19,AS,long3,42.3887031016405,22.5702762499916,5155.34794994899,1742.61306110178
20,BS,long3,37.2365213471669,45.8499362386306,5961.3936458211,-513.790571693737
1,AS,long4,109.496275699412,29.2462336342413,3169.71851088455,-690.264791744051
2,CS,long4,56.5190564409381,36.2182649623235,4160.80489034356,-22.5810786027193
3,ATO,long4,-62.6891044872091,30.8939901045488,7170.81923871191,-1731.38909173512
4,AS,long4,91.5574725256481,44.3900252305696,3005.36612855737,-367.996251353812
5,ATO,long4,-38.0691229346961,32.2900211806786,7301.09385855166,-2968.96020858714
6,NAF,long4,9.59889629265663,34.5988526025077,6717.80275752171,-1213.6902443672
7,EU,long4,25.6627428606641,52.2398247906687,6298.51819953826,-1871.40591088447
8,NA,long4,-60.8886028756509,43.2433536492974,6961.70459079751,-4203.56966541173
9,AS,long4,25.3264484695962,37.5666930362065,9050.12105720272,-719.30437497499
10,NAF,long4,2.53217284443992,26.3228139752902,5877.13194557898,-280.984245041266
11,MS,long4,27.9204928774824,33.3711047840332,5754.65248566142,-538.758870901477
12,NA,long4,-102.184480029517,38.8203603019831,7385.68472645452,-1007.23982493605
13,IO,long4,67.9612745285475,20.8661534693545,3302.92946808393,2520.09838603543
14,AS,long4,75.0746951336307,44.8113150613626,3425.02697105582,-501.539961092635
15,ATO,long4,-21.2122206882628,35.3042798229694,7682.08409468223,-2633.09756574606
16,NA,long4,-123.82194016849,33.4944921654215,7525.11434765743,-988.291902833107
17,ATO,long4,-18.7837400974559,45.3729296056291,7170.80315963509,-3022.17192032491
18,AS,long4,84.6055447199822,25.1949999629445,3254.39866215198,-2166.83930406364
19,AS,long4,42.6697099414032,22.4463095162222,5073.43936617057,1123.10121729502
20,BS,long4,40.7979377270057,46.28528497424,5965.88921818972,-1174.76673535753
1,AS,long5,109.695294997701,29.1398941687573,3163.10899214075,3322.98151236261
2,CS,long5,57.9373545579439,35.9959822589134,4062.18558899736,1731.08618102123
3,ATO,long5,-59.9720903715236,31.0480088988128,7261.78694431226,-2388.98596500583
4,AS,long5,92.905024459361,44.1739388016106,2946.50609781665,1196.44246024879
5,ATO,long5,-35.1972369285777,32.3944834532072,7352.3127137795,-3195.68117120164
6,NAF,long5,12.236442788581,34.5182155362022,6672.87494559349,-1307.36930748124
7,EU,long5,27.721048690978,52.66952028089,6335.09036452558,-2284.74555767418
8,NA,long5,-55.005927865009,44.0333728746026,7117.6372214638,-4498.96223103199
9,AS,long5,-12.5985925742899,37.9985205041924,9194.22985818676,-511.61364544824
10,NAF,long5,3.83263805073583,26.1690079187415,5795.84292575033,-525.99026640343
11,MS,long5,30.5662841710729,33.3861384191843,5682.66874080435,-748.63793468284
12,NA,long5,-96.7256094211509,39.1068710297884,7451.64776704,-1376.30531681753
13,IO,long5,68.7962261271966,20.9179487771363,3268.16397200707,4225.9542568176
14,AS,long5,76.2640957211416,44.584270328437,3352.47388317919,1859.0295859436
15,ATO,long5,-17.5844116371004,35.5226282585032,7690.82551389026,-2647.70100294952
16,NA,long5,-120.509745466653,33.673404416303,7536.41999433583,-1417.21430222863
17,ATO,long5,-12.9136241508678,45.892071058083,7234.07592420694,-3002.95340127053
18,AS,long5,85.2964876519082,25.1970341908335,3214.69450533671,1998.28659215299
19,AS,long5,42.8896713744457,22.3424345572691,4987.98244763696,1002.31516443491
20,BS,long5,44.5643000648186,46.6534527318883,5969.46916448576,-1665.75026109902
1,AS,long6,109.8305118321,29.0208698504238,3147.92831264264,3442.74660991573
2,CS,long6,59.2725980874094,35.7930306015594,3957.76822784331,5514.04960344021
3,ATO,long6,-57.1049908379628,31.2594230680093,7354.23995527846,-2312.32741598826
4,AS,long6,94.0551977229536,43.9001472571529,2858.10437606284,3294.50743717583
5,ATO,long6,-32.3423586550028,32.4728811723226,7394.75709023947,-2597.48313595235
6,NAF,long6,14.8204597468095,34.457901798845,6636.00709307652,-299.003051973682
7,EU,long6,29.7656179233998,53.0338323395542,6374.82655158967,-592.27420328218
8,NA,long6,-48.6806447781927,44.7309058302107,7274.19129063008,-5133.66782820612
9,AS,long6,-43.6318729572773,38.2164380568954,9292.4726737029,-445.127043065077
10,NAF,long6,5.07438939763553,26.021181477294,5728.22411608097,279.16128673965
11,MS,long6,33.2465008033195,33.4473335630965,5610.97333333141,881.326920294218
12,NA,long6,-90.7412046348725,39.3704228346686,7535.03923835022,-1756.42530194216
13,IO,long6,69.6235473597722,20.9741580315323,3217.07230498089,9330.6218881725
14,AS,long6,77.3459942433552,44.3613366277169,3253.1320502742,5163.40102682124
15,ATO,long6,-14.0363715335417,35.6893790697728,7696.61955440355,-2356.9560098586
16,NA,long6,-116.526793722419,33.8908798320931,7540.70223848055,-1328.41591273395
17,ATO,long6,-6.99157254367463,46.3048725517446,7286.84982427332,-2351.87092101603
18,AS,long6,85.956078060124,25.1991297384924,3150.35146503219,5705.76617220072
19,AS,long6,43.0692943590634,22.2875530377022,4912.0895231949,2779.2818583481
20,BS,long6,48.5214534756466,46.9441086073244,5964.40131063138,-103.88001404643
1,AS,long7,109.859085522163,28.9104297744077,3130.29739706034,-1637.0483725466
2,CS,long7,60.5362195405592,35.5784315465411,3838.39099384044,2067.78774109175
3,ATO,long7,-54.107748531071,31.5486204180327,7460.40644364282,-1841.29478578203
4,AS,long7,94.8962789378254,43.5467877011389,2761.71324501178,-67.8335949798436
5,ATO,long7,-29.5482271519169,32.5522650624785,7427.70871663149,-2026.07804041687
6,NAF,long7,17.3952165509614,34.4200266806896,6593.70588665935,-243.439515912721
7,EU,long7,32.8861276041319,53.2601481566994,6414.39436165316,-833.843959313486
8,NA,long7,-41.9003319282075,45.3461400352245,7419.17510563389,-4396.52858497885
9,AS,long7,-71.7970362516571,38.396958928093,9354.05377307958,-327.711075933421
10,NAF,long7,6.27327480051091,25.8806655798275,5663.04069472551,446.769096458179
11,MS,long7,35.9847552681103,33.5440732228956,5526.90321870391,-19.0557428555724
12,NA,long7,-84.287685357324,39.6454578272774,7642.1589236522,-2011.45691558727
13,IO,long7,70.4344184215763,21.0127255610067,3159.03045648425,2887.64436899659
14,AS,long7,77.9143322398604,44.1169152254347,3142.84117763899,617.699365745036
15,ATO,long7,-10.5197475868339,35.824602393974,7689.46647413908,-1886.01308938022
16,NA,long7,-111.899696520559,34.150732415106,7551.08596171164,-1308.33180919194
17,ATO,long7,-0.998776491216459,46.6230994032271,7326.86016952001,-1462.96279559618
18,AS,long7,86.5640892512555,25.1865572704565,3099.66604390328,-759.314491360062
19,AS,long7,43.2200899395337,22.2744410346978,4842.87195983914,1707.49451723435
20,BS,long7,52.6298227154937,47.0814573932542,5931.82195640649,-742.586633170124
1,AS,long8,109.811915209602,28.8415910102352,3123.78631667869,-1198.56580173044
2,CS,long8,61.6994189484323,35.3374056373174,3713.50279458683,73.5434579353401
3,ATO,long8,-50.9064909858457,31.9006131610121,7572.68567855201,-2936.32241394115
4,AS,long8,95.4776148772173,43.1622049038479,2696.90405119309,-17.0317134076026
5,ATO,long8,-26.808197069511,32.6299457335612,7447.90054678247,-2405.38489870745
6,NAF,long8,19.9814364216265,34.3669041537364,6530.24004485661,-813.672929579914
7,EU,long8,36.9144252153132,53.2523307363926,6440.35095607318,-1377.32613757409
8,NA,long8,-34.5732705318349,45.8022538508761,7529.83544892935,-4122.37828347689
9,AS,long8,-96.7638749315467,38.6125824396382,9383.9391594164,-289.288832187953
10,NAF,long8,7.47334042513305,25.7464633947483,5583.40463532326,-300.95091200989
11,MS,long8,38.7667948957093,33.6501133614268,5431.78626821895,-804.083186014175
12,NA,long8,-77.3807852527134,39.9527738225487,7758.94425203941,-2440.69553632397
13,IO,long8,71.2069952214717,21.0324736286614,3124.80711563696,1868.98552086565
14,AS,long8,78.2073840228382,43.8797898572601,3060.94204507723,-629.37049068427
15,ATO,long8,-6.98597088059708,35.900576569303,7656.29520724865,-1954.43940506395
16,NA,long8,-106.943632942437,34.446396050731,7577.81279511997,-1068.80989860012
17,ATO,long8,5.01698802374465,46.8058156818407,7346.93981517117,-2008.69061684995
18,AS,long8,87.0948339407537,25.1779213645648,3081.25263873496,-2789.67078846293
19,AS,long8,43.3460639566141,22.292357549495,4772.13551901857,1051.84594601382
20,BS,long8,56.7753608157483,46.9994566933986,5855.00356988796,-1370.13557739523
1,AS,long9,109.733699030931,28.8046827723882,3127.36739365078,3158.0774355348
2,CS,long9,62.7658487984262,35.1103509272791,3594.6759903589,3027.45960063597
3,ATO,long9,-47.5500939229224,32.2777857367464,7682.16823582719,-3778.83485999582
4,AS,long9,96.0783383264058,42.7824674054936,2642.32027942521,1537.28723643641
5,ATO,long9,-24.0823458370121,32.7116838908167,7459.58208359818,-2696.81030948902
6,NAF,long9,22.5718542887393,34.323633905592,6456.41024508725,-849.771743540944
7,EU,long9,40.6666121659229,53.0290677159771,6450.57209228966,-1604.77883171291
8,NA,long9,-26.8979193805139,46.0363833814852,7602.65873058766,-3506.18437368058
9,AS,long9,-112.084558072115,38.8149579176208,9380.27178685115,-204.995570486384
10,NAF,long9,8.70913962395352,25.6448582795213,5504.89004991129,-528.325281452607
11,MS,long9,41.5813034392581,33.7876925717472,5343.93309760501,-780.119881641597
12,NA,long9,-70.1372665346629,40.308482791739,7880.15106676631,-2281.0973081356
13,IO,long9,71.9502869297951,21.0492804420185,3104.79631981543,3790.20940757802
14,AS,long9,78.829294126722,43.6818375252853,2995.48406098786,1910.7015251343
15,ATO,long9,-3.44306260007703,35.9294799699107,7609.28367103556,-1530.97004861411
16,NA,long9,-101.661974146193,34.7408435760973,7623.84673988896,-1011.41525789166
17,ATO,long9,10.9082280142318,46.849872291814,7355.62009496037,-1776.14432413175
18,AS,long9,87.582821144813,25.1876472106333,3063.00755313463,1404.15656890239
19,AS,long9,43.4547114881849,22.3595683506559,4705.50840387717,1252.08876942603
20,BS,long9,60.806138817777,46.7390972657397,5740.07735458036,-505.165170217883
1,AS,long10,109.597694461519,28.771403277197,3122.94280239811,4166.6119152929
2,CS,long10,63.7821811784884,34.9203198220323,3474.1210647946,7495.45093791434
3,ATO,long10,-44.0975262809176,32.6691388935363,7798.36452400461,-4083.40465483538
4,AS,long10,96.7878988952943,42.3977766574022,2556.82455966461,3235.35712291291
5,ATO,long10,-21.2911288382118,32.826830375029,7465.57655049669,-2302.64914031431
6,NAF,long10,25.1825594794266,34.3534875598608,6381.89243216151,155.180110747156
7,EU,long10,43.9340652367442,52.6743472167963,6447.62369034318,-321.499498333681
8,NA,long10,-19.1241398072869,46.066236663947,7651.1689380621,-3271.58835126475
9,AS,long10,-117.304493138359,38.8989505516054,9358.12485904906,-137.163859394456
10,NAF,long10,9.75880865253429,25.6209197675843,5448.88886565065,395.821534087033
11,MS,long10,44.4415529762979,33.9745145407881,5258.85176443314,1465.84946440041
12,NA,long10,-62.6389573156342,40.7777185608063,8008.1496914899,-2669.18396128848
13,IO,long10,72.6930679699756,21.0665581944888,3066.0314549561,9606.77178312965
14,AS,long10,79.6987988288601,43.4820137589984,2902.56705414658,5256.28797507901
15,ATO,long10,0.151243864839643,35.9620141737722,7568.61586454231,-1034.62665255802
16,NA,long10,-96.0807619951121,35.009811404254,7691.74476242832,-1514.34008698939
17,ATO,long10,16.6356837805361,46.7945606358349,7353.71791165237,-1444.33053696509
18,AS,long10,88.0643187000433,25.1998554264876,3027.06503929137,5717.20482295783
19,AS,long10,43.5693480907618,22.4902809148915,4652.88782944088,2628.85080622165
20,BS,long10,64.61099035755,46.363630785404,5581.47278866536,1475.9794536361
1,AS,long11,109.363064426144,28.742775627384,3109.54476758521,-2111.99165090226
2,CS,long11,64.7581818658679,34.7369437933321,3341.66143895065,2635.48781189636
3,ATO,long11,-40.5250754406222,33.0539047613241,7925.62603394826,-4661.44750804098
4,AS,long11,97.4654750688918,42.0087952950604,2465.37205122825,-93.6605532362372
5,ATO,long11,-18.3930023733426,32.9606320078955,7454.02969786543,-1925.91304953955
6,NAF,long11,27.8392898308694,34.4456461184966,6295.38061136898,-206.728218732871
7,EU,long11,46.8005707125073,52.2128374605958,6425.755943895,-395.78488167345
8,NA,long11,-11.4675654202795,45.8872736333301,7679.28416989754,-2523.55999643591
9,AS,long11,-117.583721638627,38.8583466443086,9351.39611511194,-92.6403123186323
10,NAF,long11,10.5154480520782,25.6783293953217,5406.7027016457,357.295753684532
11,MS,long11,47.335627911762,34.1646223846071,5167.4564291296,-238.261432099639
12,NA,long11,-54.9240007341651,41.4282467451895,8130.19536953114,-2062.00994691554
13,IO,long11,73.4458418508352,21.0804265732,3020.9689543643,1758.15231643624
14,AS,long11,80.6694792438492,43.233578416352,2801.88022207675,-117.035527958086
15,ATO,long11,3.88807879573346,35.9845576385274,7534.17421828484,-904.555133614949
16,NA,long11,-90.1993563103851,35.2556698327087,7771.00067217535,-1397.44597437252
17,ATO,long11,22.2455217165477,46.6662514576556,7335.50301720789,-1584.90855547723
18,AS,long11,88.5050041981052,25.2037967324527,3012.45778654204,-1567.43100900738
19,AS,long11,43.7012187954559,22.6686197714786,4600.24378235955,1417.94493051109
20,BS,long11,68.1153761274274,45.8897543618645,5368.98913526629,186.658696571147
1,AS,long12,109.064083325382,28.7306979751494,3101.81215345665,-1675.91116420221
2,CS,long12,65.6499505583021,34.5491486506652,3215.73012394827,99.0803727797736
3,ATO,long12,-36.8392649063208,33.3722303249598,8045.27904154221,-5306.97692683719
4,AS,long12,98.1188388361046,41.6484906530585,2413.99543002997,95.7623782046244
5,ATO,long12,-15.3962578738253,33.0578121647198,7418.92964939133,-2189.27273544165
6,NAF,long12,30.533403185622,34.5520207630891,6196.21874487992,-759.244945760082
7,EU,long12,49.388995020563,51.643862321566,6386.91680017413,-1231.48846438476
8,NA,long12,-4.02703572643695,45.4830396517437,7679.1356312139,-1905.72381606072
9,AS,long12,-114.647518122944,38.833268869886,9323.15858511635,-61.6797405357178
10,NAF,long12,11.1577748067183,25.7788290915025,5357.72949546313,-222.75346441517
11,MS,long12,50.2073158175379,34.3166038731053,5062.76380276755,-412.456676673815
12,NA,long12,-47.113162917191,42.2419167262049,8238.18300139587,-2199.8570421312
13,IO,long12,74.1965739540944,21.1028159637585,2999.9631155143,1290.692065892
14,AS,long12,81.5114914183274,42.9782530101196,2735.0615630495,-685.035652634213
15,ATO,long12,7.77122527324553,35.928777126083,7487.71612837916,-1127.89114208709
16,NA,long12,-84.013929843238,35.5087605160766,7847.06799020968,-1415.51556028441
17,ATO,long12,27.8096372303754,46.4778825595996,7300.70170776567,-1452.68433576809
18,AS,long12,88.8565242193924,25.2207684487918,3039.13559107338,-3606.76018852595
19,AS,long12,43.8574641521066,22.8817961146905,4535.03063813571,765.170140907795
20,BS,long12,71.2512380057771,45.3642515045622,5127.9883380555,-549.512178132773
1,AS,long13,108.747682236274,28.7200545857734,3104.41252905027,1439.35108781911
2,CS,long13,66.4522052715663,34.3975538331084,3110.12016234173,4488.06806156036
3,ATO,long13,-33.0975597436242,33.5972447680783,8147.48329929543,-5564.34531652087
4,AS,long13,98.7311921656672,41.3133157048561,2388.51230696775,1598.19332235475
5,ATO,long13,-12.3367008039916,33.103985030708,7373.86599849485,-2351.32579321009
6,NAF,long13,33.245460665894,34.6933009947881,6104.51767631395,-744.981030046774
7,EU,long13,51.7526800464002,51.0189949767818,6325.21571886952,-1030.30763905089
8,NA,long13,3.16054484031776,44.9599948697793,7658.6006614251,-1196.64358324153
9,AS,long13,-108.964734316869,38.9052602529974,9278.35892287997,-30.5853026731903
10,NAF,long13,11.7875742248818,25.9175780755513,5308.62207633282,-459.720145546537
11,MS,long13,53.0052534447266,34.4510174794893,4936.24669520755,-45.2844359836477
12,NA,long13,-39.2935906200189,43.0821915500831,8336.40747766298,-1965.35299314504
13,IO,long13,74.9399437430875,21.1485372629873,2988.10596642187,5034.31471025812
14,AS,long13,82.2404373418567,42.7609254122503,2681.06974929213,1711.61685799461
15,ATO,long13,11.6832285329743,35.8080813200769,7437.4805784664,-1166.93104053097
16,NA,long13,-77.5040657206151,35.8139275652939,7918.34661813357,-1423.68828475888
17,ATO,long13,33.3091750812267,46.2988563692927,7255.84706757582,-989.586637705783
18,AS,long13,89.1376807668417,25.2682322019059,3061.09112766374,1812.87485836145
19,AS,long13,44.0722927004444,23.1447999597495,4474.38227381841,180.313123698889
20,BS,long13,74.031969561246,44.8727439071554,4866.68354692331,2338.96882147555
1,AS,long14,108.379222838678,28.699766046348,3103.16963436183,2783.76192001274
2,CS,long14,67.2197252550724,34.294245208404,3007.93575646111,9211.41919908524
3,ATO,long14,-29.3233197115302,33.7560320839857,8236.27967506408,-5203.35030555674
4,AS,long14,99.2246240458532,40.9544929085599,2332.07728256922,3906.83707569465
5,ATO,long14,-9.2119332349473,33.1491301972152,7330.01717382846,-2375.51254456883
6,NAF,long14,35.998588986295,34.9108530895834,6018.81097871357,1044.83482544359
7,EU,long14,53.95312568921,50.394000244895,6237.7500772469,519.781465387809
8,NA,long14,9.58167894318955,44.5024680533703,7644.9101945199,-1035.38512640531
9,AS,long14,-101.638735327066,39.0059816025475,9243.37347759546,-36.8079966418097
10,NAF,long14,12.8325671669571,26.1307273851259,5285.51537456623,176.935175195065
11,MS,long14,55.7048676701875,34.5786666083908,4793.77881616757,2776.7280665367
12,NA,long14,-31.4541938736735,43.7396930633352,8422.72413062296,-2329.89948577104
13,IO,long14,75.6860155019656,21.2183810458953,2955.04438641624,9943.79729673576
14,AS,long14,82.9084117687846,42.5324280535463,2600.05260642347,4403.59969572065
15,ATO,long14,15.5659439592142,35.711799018329,7399.92919980498,-630.466707051919
16,NA,long14,-70.6658961055963,36.2151212533493,8011.13406808269,-1878.95803581544
17,ATO,long14,38.7590842761821,46.1729168226803,7196.50982673342,-253.992902579424
18,AS,long14,89.3913491499963,25.3331333069744,3050.451118761,4833.31578400525
19,AS,long14,44.3782421897551,23.4659302582329,4432.55841266601,1408.58202240846
20,BS,long14,76.573986658448,44.4287008645916,4595.08946197163,4360.08499119339
1,AS,long15,107.911678217117,28.7009812743501,3090.69211343964,-1368.8242849585
2,CS,long15,67.9710264811212,34.1975409375377,2902.07932047983,2142.07123443157
3,ATO,long15,-25.4813391864198,33.8558143246233,8297.222540045,-3706.05604632253
4,AS,long15,99.5811785706874,40.563988187609,2260.37544567691,-111.239120778091
5,ATO,long15,-5.93869019914549,33.2316888346178,7288.28027375633,-2587.20193917372
6,NAF,long15,38.8309522574057,35.1643971786358,5933.68894055296,-29.1538468808417
7,EU,long15,56.0757947116448,49.7653393751609,6123.95453309366,4.60058428990249
8,NA,long15,15.5395576639452,44.1710816726921,7637.70721074933,-716.148594829839
9,AS,long15,-93.2095133652473,39.0934911449787,9223.87891675593,24.5419818596726
10,NAF,long15,14.421267954683,26.4165304633445,5275.26395961295,60.1926010072626
11,MS,long15,58.2851558246902,34.6574697366863,4640.70125963287,146.475837938136
12,NA,long15,-23.6068996940799,43.9728388838012,8481.78029347169,-1702.92483613364
13,IO,long15,76.4342415409191,21.3122241516428,2916.35110303399,2198.558579408
14,AS,long15,83.4536442324258,42.2531419995396,2510.58958891864,-298.892885667547
15,ATO,long15,19.4662992610587,35.6570776148958,7354.63096645087,-806.258082397824
16,NA,long15,-63.5218159509511,36.7606556652598,8140.19709651783,-1603.70612534451
17,ATO,long15,44.1465504280606,46.0204895971491,7109.97325185609,-337.225882839517
18,AS,long15,89.5966929647169,25.3994503634103,3051.69776463853,-1356.67355847286
19,AS,long15,44.7849455856429,23.8261115683265,4396.67793933741,603.335299144073
20,BS,long15,78.9838558710276,43.9640903235736,4357.29457885765,581.405774638603
1,AS,long16,107.376416466252,28.7421821082178,3088.89748612544,-2572.46882516154
2,CS,long16,68.6769081613637,34.0985621418297,2810.50039185794,-107.221800373446
3,ATO,long16,-21.5535114428256,33.8560696458482,8312.77447434044,-3121.04533019509
4,AS,long16,99.8760600941345,40.1760918330322,2227.28481681443,451.690005729785
5,ATO,long16,-2.42984742550422,33.3254055888595,7246.09855008359,-2422.51656063824
6,NAF,long16,41.7369440384378,35.3944585988262,5846.05001990375,-747.112267840739
7,EU,long16,58.1966215913036,49.113848783477,5979.0913328704,-828.208660434738
8,NA,long16,21.322968438716,43.90951566843,7612.70434209658,-954.513772711698
9,AS,long16,-84.1158425460865,39.2221992605416,9218.85297690367,32.5753948192419
10,NAF,long16,16.2151717464749,26.737185669419,5251.62692115369,-363.206637488063
11,MS,long16,60.7123466057911,34.6657351418724,4475.07941817433,-481.053832978095
12,NA,long16,-16.0390032268793,43.6529703052387,8499.30852750723,-1516.08045580148
13,IO,long16,77.1637569608145,21.4370863510019,2906.42206134305,-507.196845144264
14,AS,long16,83.8830849572733,41.9800246937302,2458.03906169068,-490.831137164743
15,ATO,long16,23.386962663034,35.6096295727308,7277.57676384581,-852.251641982474
16,NA,long16,-56.1555960110275,37.4420665735592,8276.71289532348,-1914.83944455226
17,ATO,long16,49.3230583503402,45.7592695829765,6984.43878622657,-647.810422255261
18,AS,long16,89.7078752269559,25.4803875748614,3081.15334465194,-4292.87956352836
19,AS,long16,45.2946368528931,24.2152328718468,4352.65902366199,315.417589141037
20,BS,long16,81.1611507188941,43.4640237672105,4166.13844167928,-111.933171074887
1,AS,long17,106.826368364058,28.7992023502593,3095.6063847213,1310.93732762754
2,CS,long17,69.3478545465535,34.0336757562224,2742.10726320944,5793.1665026168
3,ATO,long17,-17.5376812437663,33.7296567577333,8289.31370377626,-2567.31256790219
4,AS,long17,100.19573144846,39.7863451447677,2222.72555730463,2105.36475421085
5,ATO,long17,1.31836586943449,33.4214597252847,7216.17788297254,-2207.73615540429
6,NAF,long17,44.6767801276724,35.6180004503752,5759.36202072154,-566.18137003084
7,EU,long17,60.370375840868,48.4746898604586,5810.8216090914,242.159776792774
8,NA,long17,27.0551134357089,43.7057017715662,7560.37263721614,-828.930035327997
9,AS,long17,-74.7115880918427,39.4560858222162,9190.57674319847,94.6960114606532
10,NAF,long17,18.1300765001076,27.1010640202952,5235.31100296649,-939.260028920989
11,MS,long17,62.9643250669394,34.6587895587081,4299.72876544089,1744.62158186657
12,NA,long17,-9.00306867663218,42.9070746670751,8478.04206859032,-968.923862421986
13,IO,long17,77.8647218092099,21.5919303495546,2911.23895261845,3056.83167734717
14,AS,long17,84.3288741098198,41.7510611857258,2429.83220255008,1543.95182249649
15,ATO,long17,27.3027300155838,35.6144303509369,7184.88659150808,-1021.85411759073
16,NA,long17,-48.6845013170589,38.1830428216696,8404.49242222225,-1682.13093447845
17,ATO,long17,54.2227102023101,45.4353515402127,6807.92289943362,-93.5834389955298
18,AS,long17,89.7529675495881,25.5915006212078,3089.4673039203,1523.03662080157
19,AS,long17,45.9301192708695,24.6556536789348,4312.51940815845,-717.238818262456
20,BS,long17,83.0549325770815,42.9855056140371,3962.93656361031,4201.30736324195
1,AS,long18,106.236726418295,28.8538618407677,3071.79380249292,4250.37229373792
2,CS,long18,70.0361832837267,34.0016442363729,2682.54433646925,10573.5117294149
3,ATO,long18,-13.4022948678576,33.505720665892,8254.2394844765,-2243.84053951325
4,AS,long18,100.474062872952,39.3615606398545,2183.49486087201,4110.51929533252
5,ATO,long18,5.29228249008157,33.5704663029771,7214.1771608674,-1598.13161057762
6,NAF,long18,47.6114266513146,35.8588485539121,5677.50219458522,2278.85939491445
7,EU,long18,62.6362736386592,47.8703054508243,5626.32077587957,2228.49119492155
8,NA,long18,32.8805173542137,43.5579474670235,7481.23131251398,-168.567136183133
9,AS,long18,-65.0545777171493,39.8359696998407,9177.52023301722,-44.8765188272915
10,NAF,long18,20.1849807111231,27.5465622166452,5244.52331445024,94.5143626365948
11,MS,long18,65.058588277371,34.6855482359736,4126.63748607523,5482.12103033214
12,NA,long18,-2.40890015055794,42.0004689551243,8433.94366304148,-755.529049675467
13,IO,long18,78.5424987326607,21.7641126146904,2895.5837745852,7792.84068775747
14,AS,long18,84.8181977506458,41.5058078776014,2370.31754811163,4540.38519057935
15,ATO,long18,31.2441825722506,35.7367271889189,7083.62097455692,-171.926485781676
16,NA,long18,-41.1415883824293,38.8640982465316,8520.97546781131,-1941.49441493326
17,ATO,long18,58.8304107500312,45.1129051198096,6589.11334357512,1682.12904170171
18,AS,long18,89.7887786855695,25.7154307347869,3058.84014865881,5294.45214932834
19,AS,long18,46.7164952120649,25.1616633555154,4297.00303211717,-137.400928501961
20,BS,long18,84.7668983759327,42.5392748672193,3726.84838739836,6180.12582687981
1,AS,long19,105.567752373719,28.9254325964591,3035.84342835327,-810.830607471431
2,CS,long19,70.7390252511675,33.9622558828364,2622.54512298054,42.3046311448254
3,ATO,long19,-9.09909998893482,33.2386721413386,8212.39801478358,-1586.97334318181
4,AS,long19,100.624413736525,38.9217875968897,2119.67609609071,683.368458349472
5,ATO,long19,9.51222666973628,33.775338931075,7226.29336003834,-1293.81491454057
6,NAF,long19,50.5029169089852,36.0671916022451,5594.57321143718,-61.0316269981577
7,EU,long19,64.9995621067553,47.2284589868562,5428.31338181505,714.818682168995
8,NA,long19,38.5984020903474,43.3837276916121,7387.66617075292,-538.237432854187
9,AS,long19,-55.1735796576274,40.2768021493791,9224.5537354437,-25.9730935038036
10,NAF,long19,22.4150513191445,28.0616984446031,5255.68360050498,-537.309620772282
11,MS,long19,67.0320603100341,34.7158595567571,3972.75695540867,1350.85366708471
12,NA,long19,3.91904124906928,41.1448632750087,8372.24313927399,-341.780550350422
13,IO,long19,79.174502472605,21.9530206213457,2870.48648914119,-1108.22564574326
14,AS,long19,85.2833435996493,41.2099180728396,2296.72959000654,458.500531459553
15,ATO,long19,35.2353886814579,35.9329902679575,6959.52853866449,-547.14459872152
16,NA,long19,-33.5803714917564,39.3361672023082,8609.00430340037,-1585.36484578395
17,ATO,long19,63.1185142285592,44.7386460843703,6365.38761668203,585.331819857237
18,AS,long19,89.8021432879968,25.8447477369996,3035.74685255801,-2114.47666062134
19,AS,long19,47.6562577228626,25.7001692268232,4295.57883275806,-1411.50864415799
20,BS,long19,86.3196935430712,42.0844297233932,3534.71069420255,220.508379321974
1,AS,long20,104.866443581674,29.0286399585675,3026.01370604087,-2914.92952509439
2,CS,long20,71.401979891739,33.9196191074875,2568.86760775504,-1479.62717343708
3,ATO,long20,-4.5853111154133,32.9671268811976,8157.88913036183,-1683.79483660757
4,AS,long20,100.723466699454,38.5254149030284,2087.882499624,663.361611658217
5,ATO,long20,13.9548907752066,33.9943646575129,7225.60280426877,-1584.28206391835
6,NAF,long20,53.3046244989666,36.1997769881184,5499.10656562132,-387.881904917094
7,EU,long20,67.3239844771383,46.522500887854,5218.31556340008,-4.91541146467876
8,NA,long20,44.0436661895325,43.1125944264539,7282.53995609776,-720.665719560906
9,AS,long20,-45.1545629155149,40.578175654615,9268.56556722065,-46.1897839140242
10,NAF,long20,24.8325671019618,28.6048139971804,5250.56960895564,-1058.04751277823
11,MS,long20,68.8987642923074,34.7187466860301,3833.01915581614,-942.864775133301
12,NA,long20,10.0459198696197,40.4274192697172,8299.65509160261,-378.861447354326
13,IO,long20,79.7299730523286,22.1731360531596,2867.13846960674,-2994.40658237107
14,AS,long20,85.727252701927,40.9263981691862,2267.1714708825,30.4649748512631
15,ATO,long20,39.222461187064,36.1296871216532,6828.11951446393,-712.500074172342
16,NA,long20,-26.1685133598213,39.5138168289141,8653.1563148336,-1666.07199298867
17,ATO,long20,66.9831937675022,44.248057501518,6124.88518291798,-283.70174983381
18,AS,long20,89.7618110783044,26.0032927188567,3045.26973006595,-4785.79271278928
19,AS,long20,48.7357771329666,26.2514346949525,4285.47932067872,-1149.80752057503
20,BS,long20,87.7135879773261,41.6400003095969,3406.43708252885,144.168896979265
1,AS,long21,104.20518973102,29.1341437853143,3019.74396828663,732.892098036104
2,CS,long21,72.0339463338206,33.914744121166,2529.83480693103,5399.81225600319
3,ATO,long21,0.147443214014095,32.7395588423773,8105.13622838448,-1442.46339492056
4,AS,long21,100.885157244079,38.171001855218,2076.90073391525,2740.93822795562
5,ATO,long21,18.5632440826457,34.2445758785394,7207.80712650602,-1736.10650591208
6,NAF,long21,55.9958677360489,36.2953978658798,5377.72713166809,433.613809320687
7,EU,long21,69.4702882456162,45.8166284181888,4986.46929677535,2273.39369745295
8,NA,long21,48.8403560802512,42.7783939287717,7145.56582638646,-492.369309268044
9,AS,long21,-35.2052475509579,40.6473728948545,9277.29236590572,-11.5724931454548
10,NAF,long21,27.4452113568487,29.1921194777674,5245.86059497653,-1368.05433398211
11,MS,long21,70.6784001567805,34.721616439731,3680.4205291435,3537.48016357864
12,NA,long21,15.9520043649983,39.8849924198635,8226.54197763065,-337.85258865945
13,IO,long21,80.2334109369647,22.4370096736328,2870.2642506625,2702.14258226555
14,AS,long21,86.2062946839394,40.6776081187932,2267.44104936194,1127.40466073881
15,ATO,long21,43.1623266270657,36.3320623358056,6714.99348802595,-467.231890615113
16,NA,long21,-19.0420872225435,39.4371013944537,8670.45555289898,-1374.71369865183
17,ATO,long21,70.3290918982201,43.6608747480335,5819.28656657291,1645.81189599131
18,AS,long21,89.7183428313177,26.1946633402496,3038.05975337802,1914.81975802944
19,AS,long21,49.952082125584,26.8509884764525,4274.86016420998,-2152.66471350466
20,BS,long21,89.0053687189182,41.2432890178824,3270.08385746167,4808.29598690193
1,AS,long22,103.579643580108,29.2150672733161,2982.24442938894,4073.88263843826
2,CS,long22,72.6959649720791,33.9339891969068,2492.57445081528,10316.5266145444
3,ATO,long22,5.09707134484845,32.6255044946227,8058.20147600556,-1313.38075679279
4,AS,long22,101.063996548876,37.8112200499908,2032.31448937975,5247.97381190731
5,ATO,long22,23.301544740959,34.5534986536756,7180.5894596848,-1156.42824602069
6,NAF,long22,58.600403425879,36.3782495609224,5231.34559694331,4158.98843207398
7,EU,long22,71.4562338893249,45.118588001927,4731.79068244698,5116.75392297792
8,NA,long22,53.1891618670043,42.4157857611269,6953.47671399219,339.853316998019
9,AS,long22,-25.6011257334354,40.5944967650625,9287.00900211782,-52.30399479935
10,NAF,long22,30.2714444054636,29.8659676372319,5261.17551141637,305.009494593794
11,MS,long22,72.4044981937905,34.7157396184326,3516.23541624222,8306.8317722894
12,NA,long22,21.7228673105531,39.5114605511017,8147.68225099998,-234.221324947525
13,IO,long22,80.7333485330232,22.7439379951561,2845.14940837219,5916.69037101372
14,AS,long22,86.7106054570859,40.3906746357917,2225.59904025415,4196.8288746762
15,ATO,long22,47.0611642285029,36.5451480928935,6602.01127754694,1532.19309228183
16,NA,long22,-12.2258950706518,39.2265111278671,8683.94511481505,-1672.60438840162
17,ATO,long22,73.2854903242174,42.9787524480507,5452.33492082841,3821.74902624123
18,AS,long22,89.7350027101564,26.3884881635848,2977.65963834847,6328.03961540399
19,AS,long22,51.329885355948,27.5074336535073,4293.75266302213,-2086.5707022936
20,BS,long22,90.226673472434,40.8328745813797,3095.4197037918,5508.22161942158
1,AS,long23,102.949581568193,29.2864345746323,2931.66869051524,-276.4670482085
2,CS,long23,73.3825437250515,33.9260228670065,2450.62479861441,-1253.1367792194
3,ATO,long23,10.2690643848717,32.6361636693515,8003.64311749465,-1062.4448249965
4,AS,long23,101.148089555773,37.4510676328503,1962.7038009525,714.838633387819
5,ATO,long23,28.1243925300286,34.8752717276001,7131.00562578358,-1325.48383450724
6,NAF,long23,61.1435403658822,36.3918583449391,5079.16558588637,642.790541943064
7,EU,long23,73.2753714813832,44.385900953117,4496.83523818049,1352.2614703445
8,NA,long23,57.2856172787352,41.9840322471092,6718.64758916524,285.096106691971
9,AS,long23,-16.4334759424085,40.5853261478177,9292.99921466979,-32.6952451866952
10,NAF,long23,33.329834535117,30.5953489782067,5306.21183920477,-971.945128727371
11,MS,long23,74.0428079610231,34.6362013549197,3379.5310996308,165.227002718193
12,NA,long23,27.4553210672903,39.2019985928583,8044.11969906183,-138.44603112751
13,IO,long23,81.2176133604358,23.0913999995027,2816.19634829322,-3101.81185358335
14,AS,long23,87.1547665895898,40.044782625671,2144.41549421865,121.275329490633
15,ATO,long23,50.8895522522667,36.6912236047256,6469.05501800105,152.937955967928
16,NA,long23,-5.6553025068241,38.9746121053264,8688.00312657587,-1118.16180184431
17,ATO,long23,75.8958920572958,42.1502746093982,5071.19582819813,1289.11061290797
18,AS,long23,89.77139853248,26.5732522975296,2923.95188941661,-1903.68279816282
19,AS,long23,52.888581776354,28.1743212810679,4330.95151352129,-3999.41422934553
20,BS,long23,91.3055871490814,40.3543631476225,2947.79901168708,882.790244902413
1,AS,long24,102.358228344081,29.3686444426086,2891.07310362835,-2598.58848815226
2,CS,long24,74.0460175740498,33.9022898476556,2412.01908444527,-2234.75841042686
3,ATO,long24,15.6161202689444,32.7379996297294,7932.40359699042,-968.330674317994
4,AS,long24,101.159630126342,37.1394612677912,1929.37218988912,981.761172254186
5,ATO,long24,32.950725879876,35.1651106714969,7052.81763114137,-1649.46730790248
6,NAF,long24,63.6007590737588,36.3037372216218,4912.03991605526,-166.541027084324
7,EU,long24,74.8790193977797,43.6301807787513,4286.80662453445,461.725833092224
8,NA,long24,61.1152664569224,41.446782249119,6441.38088385917,-216.696698471518
9,AS,long24,-7.59370906157867,40.6154168696251,9267.80710826476,-39.5075620021065
10,NAF,long24,36.5973540539225,31.3283680425421,5357.7311294237,-1403.94620920053
11,MS,long24,75.520386968072,34.4984228681427,3271.60048935818,-240.234112427299
12,NA,long24,33.0949806131113,38.871041763216,7912.83975758423,-258.567069867151
13,IO,long24,81.6532432949385,23.4930067025797,2813.01282031571,-4402.1041309245
14,AS,long24,87.5439491949823,39.7167039289908,2093.16418848112,-220.926549418831
15,ATO,long24,54.5779208305011,36.7052467710256,6301.69420523715,-411.37187006024
16,NA,long24,0.807962344904922,38.6757647747847,8654.99707858736,-753.79944690816
17,ATO,long24,78.0392091621285,41.2043357132977,4708.54913575131,506.546608700286
18,AS,long24,89.7768266238454,26.7785215110587,2911.99107348698,-5304.48755534708
19,AS,long24,54.6121973708749,28.8184337968498,4343.44416706581,-2417.29589939686
20,BS,long24,92.1921348287123,39.8667114214542,2849.99642509587,804.243095820039
1,AS,long25,101.843359857104,29.4403015125112,2840.48114136576,1498.50250914447
2,CS,long25,74.7094291596799,33.9093930112406,2375.88698463979,5433.45631735116
3,ATO,long25,21.0690643984184,32.9570272360629,7864.11216195414,-671.785207295387
4,AS,long25,101.164812833037,36.8672995007164,1938.61168284266,2610.06100221651
5,ATO,long25,37.7265852085339,35.4568169873435,6971.76746005704,-1682.27940937782
6,NAF,long25,65.932978655174,36.1751095471105,4703.97758854715,3323.79566489076
7,EU,long25,76.312812349699,42.9092838419095,4056.46559543744,3941.82335825574
8,NA,long25,64.5879462324707,40.8425549688259,6098.69034381515,1038.47288190987
9,AS,long25,0.950545529632774,40.4944201836443,9222.94025554863,-9.48502213600806
10,NAF,long25,40.0246287255606,32.0801966802597,5408.96058925745,-2420.19888140431
11,MS,long25,76.8489957838632,34.3852466739181,3145.56118351925,5726.62231829144
12,NA,long25,38.5628634303864,38.5562727813019,7755.58913962295,-116.463959654019
13,IO,long25,82.0811475309634,23.9482695390003,2807.38387376673,-1050.54212092811
14,AS,long25,87.9677455318282,39.424457142675,2090.21497543329,1667.62930236749
15,ATO,long25,58.0895102530232,36.6268067243542,6083.98288161876,923.999929549688
16,NA,long25,7.29721699613749,38.2946160799133,8596.27813711976,-348.397156614281
17,ATO,long25,79.7306044730148,40.2865466277128,4334.46907191874,4245.22982940663
18,AS,long25,89.7937747227982,27.013065367274,2876.67597362533,1700.02938787275
19,AS,long25,56.4793070700444,29.4489765977475,4332.17170981707,-2409.31433615662
20,BS,long25,92.8820029163329,39.4067108495739,2753.11517118184,4469.46102247164
1,AS,long26,101.318428233245,29.4869388765656,2755.8593309545,4786.5579815859
2,CS,long26,75.4251120204201,33.9289514569955,2331.84735878903,9493.13131022633
3,ATO,long26,26.6219960474969,33.3228464462522,7794.75634451882,-150.803725460636
4,AS,long26,101.110741041617,36.5843971028326,1913.86332760273,5318.89810149289
5,ATO,long26,42.4704368465218,35.7702865962561,6890.55129245398,-433.183790063926
6,NAF,long26,68.1468992801158,36.0516550066232,4472.52138240023,7472.30057208112
7,EU,long26,77.651651612827,42.2192895520895,3798.536551335,6713.48928036155
8,NA,long26,67.6677798691298,40.2184927502579,5709.81254316851,2423.09350514504
9,AS,long26,9.11205977923069,40.0756388509481,9173.87436897175,-18.0468369649387
10,NAF,long26,43.6084666389383,32.8525655404074,5479.53360981275,-1056.29482068705
11,MS,long26,78.0775091229526,34.3081249661366,2980.27129089151,9842.91285425449
12,NA,long26,43.8644888054748,38.3107963831987,7569.05035603769,164.566540130801
13,IO,long26,82.5541886354568,24.4259997018631,2759.70106875379,5790.3255975709
14,AS,long26,88.4162496879803,39.0913424601443,2052.51788714018,4683.69692365106
15,ATO,long26,61.4223867495848,36.4929048418881,5837.86388342532,4254.59142861397
16,NA,long26,13.9329653402612,37.8575001407681,8534.61268155774,-243.385704077091
17,ATO,long26,81.1051900639603,39.4952094009518,3951.65009862389,6740.83538325812
18,AS,long26,89.8663358714972,27.2520913531217,2777.67096730906,5965.30050400078
19,AS,long26,58.4912614302798,30.0655050903329,4325.46833608579,-2038.70217068406
20,BS,long26,93.3568706663073,38.9366468983751,2608.66965711878,6176.77639075634
1,AS,long27,100.713803884901,29.5457052744765,2667.53316064931,455.822795891896
2,CS,long27,76.1623927888988,33.9123326539453,2287.95791946969,-3346.01114032704
3,ATO,long27,32.2946479522799,33.7723245680242,7695.634535109,-34.114907157867
4,AS,long27,100.928482204206,36.3032965829529,1835.36658164694,600.820099296281
5,ATO,long27,47.1953498783297,36.0290069198662,6799.8707852355,-622.937883870295
6,NAF,long27,70.2511708717506,35.9005875212748,4255.48140259075,1117.79295515676
7,EU,long27,78.9081681026114,41.509923045183,3554.46402926691,1174.3199102526
8,NA,long27,70.4373151413434,39.5599546506921,5323.80296747129,842.674672224507
9,AS,long27,16.8068719172476,39.3195467019681,9095.75566371529,-12.1869992857661
10,NAF,long27,47.3702977976125,33.5540269262719,5555.12779249087,-2751.12476489737
11,MS,long27,79.1992861156562,34.2283312495485,2828.11876029416,-31.6746808038791
12,NA,long27,49.0013145465626,38.0791274754769,7340.66893642787,187.335507860872
13,IO,long27,83.0490109867415,24.9079982535979,2701.40055174761,-4126.52838194286
14,AS,long27,88.7937011185986,38.704353734464,1962.18774502929,-214.847904103515
15,ATO,long27,64.5606173078446,36.2677591110634,5586.78870958196,1347.89552159019
16,NA,long27,20.7291447596535,37.3636484706765,8443.30667392416,-144.887609475303
17,ATO,long27,82.2867695861242,38.8074359279644,3627.60601028321,1514.41258824207
18,AS,long27,89.9539130867106,27.4886393164963,2683.591920966,-2357.37075017535
19,AS,long27,60.6502856364429,30.6286005606973,4323.37801746423,-5053.11801882627
20,BS,long27,93.600152167106,38.4687835982803,2461.36025768473,259.375385854386
1,AS,long28,100.10047864293,29.6425373353621,2601.99155403188,-2994.14295516123
2,CS,long28,76.8675898827373,33.881358666887,2251.15535622477,-2692.32728982162
3,ATO,long28,38.0565452096345,34.2148286184108,7570.09302274172,-182.111951124108
4,AS,long28,100.6828453594,36.0638086372825,1780.25388753199,788.891611419976
5,ATO,long28,51.8428926171296,36.1530797196511,6671.24450464195,-583.841950201288
6,NAF,long28,72.2317604153405,35.7097580110627,4053.45926514746,103.454370350747
7,EU,long28,80.0582896630679,40.7918858528622,3334.21123363776,939.23090583974
8,NA,long28,72.9260397540464,38.8625148906321,4968.20877744942,591.353052460378
9,AS,long28,24.0614172384235,38.283538429312,8952.9697384746,-4.83433830687742
10,NAF,long28,51.260274791452,34.0966009970325,5587.36945411854,-2542.97000687624
11,MS,long28,80.2194578078194,34.1600173411761,2715.22197496449,-478.944750684843
12,NA,long28,53.9155900474479,37.7741540917855,7062.57644722571,167.049120736058
13,IO,long28,83.5275946328472,25.4002183912237,2670.2064980483,-6346.82676007304
14,AS,long28,89.1198832277046,38.3498793165948,1897.75165314856,70.7534605346248
15,ATO,long28,67.4653847823707,35.9433585420265,5322.16470822341,312.305191537053
16,NA,long28,27.4860458571837,36.7914084590274,8299.88296345373,-116.307559826002
17,ATO,long28,83.3583009410594,38.2026666517539,3357.36918604008,1096.72127636918
18,AS,long28,90.0212453335952,27.7375068359444,2629.52973808068,-5863.12214387538
19,AS,long28,62.9216830856047,31.1201876078717,4276.49295381037,-3667.6260980124
20,BS,long28,93.696704826491,38.077226542992,2365.03236115962,1312.80647919458
1,AS,long29,99.5746311083682,29.7434391591736,2527.31921010283,1779.16661189951
2,CS,long29,77.5792407134745,33.8820047979374,2211.70494084145,6529.10375720587
3,ATO,long29,43.8469166508802,34.6102550480441,7448.33683561041,-3.70251918367304
4,AS,long29,100.457088688674,35.8365167033344,1767.25148610003,1896.39534761891
5,ATO,long29,56.3548355525795,36.1539470239929,6488.29080250443,169.509101166024
6,NAF,long29,74.1013704086184,35.5236786934239,3822.59712190089,5044.01428633923
7,EU,long29,81.1365008399226,40.1158783625348,3103.21628429954,5288.93715819337
8,NA,long29,75.1602371602675,38.1833590863017,4614.8530506881,2919.78037935586
9,AS,long29,30.9973236321082,37.2067175446349,8745.38220567825,2.9253479622629
10,NAF,long29,55.1941758987359,34.4834635301283,5550.45792475119,-1785.31629464894
11,MS,long29,81.1956538529576,34.1285863874476,2594.86023627501,7075.76915015889
12,NA,long29,58.5484483272535,37.3838921331979,6762.86302271339,423.919743787727
13,IO,long29,84.0233831061667,25.9010132186519,2633.59416525829,-2699.97882984663
14,AS,long29,89.495127503584,38.0377805689687,1886.51128992093,1757.20532718973
15,ATO,long29,70.1160467820047,35.5987292174224,5015.3399690407,3750.19110124617
16,NA,long29,34.0607512410956,36.2432764884195,8126.57190533522,-67.7419437481227
17,ATO,long29,84.3834788160213,37.688636539554,3088.13849635097,5607.51894353113
18,AS,long29,90.1321298407402,28.0058682485661,2552.36616945917,522.078478412022
19,AS,long29,65.2465678693449,31.5710145279927,4179.07614191779,-2229.03029654863
20,BS,long29,93.7797385865643,37.7451523619917,2302.43716786753,4455.01204027577
1,AS,long30,99.1188061965718,29.8301050577551,2414.64554143169,6328.46700219189
2,CS,long30,78.3517988118448,33.8831199749687,2156.19924493363,10600.9329442925
3,ATO,long30,49.6084284680871,34.8761995788569,7285.92237236874,682.434506606062
4,AS,long30,100.190629863664,35.575675252935,1711.71245800242,5642.53035260986
5,ATO,long30,60.7193602001953,36.0374212490726,6241.9415708216,1765.40249485657
6,NAF,long30,75.885264091031,35.3484062112635,3551.68582565471,10215.3585937502
7,EU,long30,82.1788207096877,39.4746915627758,2860.54130701593,7250.87832540824
8,NA,long30,77.1893467767719,37.557965929624,4232.24183239259,5348.10429670316
9,AS,long30,37.8469644266037,36.3786419495509,8492.18594282333,59.1269443909774
10,NAF,long30,59.124307920925,34.7247954233609,5463.97758444924,571.51099584289
11,MS,long30,82.1619809708314,34.0979673438395,2440.09919628954,11198.0255084659
12,NA,long30,62.8477111336234,36.9284488538789,6416.85467129002,1373.55910005354
13,IO,long30,84.5847934226561,26.3929271645789,2554.78963996272,3740.83969793136
14,AS,long30,89.8925573164207,37.6864650852913,1845.12672716221,5359.46289370794
15,ATO,long30,72.5323522150914,35.2913458570651,4659.3882329339,8644.66611234125
16,NA,long30,40.5911313539372,35.8222355606128,7927.13430878356,152.544757345749
17,ATO,long30,85.3743032488612,37.2256795271525,2791.39797277521,8013.68232091126
18,AS,long30,90.3399618249062,28.2763332246772,2428.57430830495,5820.8600550629
19,AS,long30,67.596221667706,31.9995007874604,4075.9681358072,5.79275806239351
20,BS,long30,93.8288063352664,37.3813755824262,2196.78308626449,6419.85217505098
1,AS,long31,98.6720273571343,29.9448712634478,2309.58100763436,-1362.44291842264
2,CS,long31,79.1461201448531,33.8368381177741,2089.48909530346,-3422.29516181036
3,ATO,long31,55.2338651636535,34.8614380878185,7033.85196108814,170.195639703294
4,AS,long31,99.8208436771752,35.3106679407803,1605.18903211783,-1231.6535171296
5,ATO,long31,64.9072267965129,35.7497707452478,5913.28471483089,459.822512281862
6,NAF,long31,77.5695008173717,35.1428415828998,3295.01676966408,858.137235471535
7,EU,long31,83.1386949147607,38.8396177601101,2636.99833162265,1020.40349194021
8,NA,long31,79.0538559968966,36.9680531532113,3869.23967165342,1187.40273043823
9,AS,long31,44.8025585503549,35.8066173469797,8162.85450603961,81.7624413448984
10,NAF,long31,62.9877934360171,34.771015304742,5344.20389108592,-1746.43336747617
11,MS,long31,83.0828492934978,34.030805315559,2292.71440865251,-176.245648081714
12,NA,long31,66.7828255495759,36.3972713655288,6011.99418807979,739.516694632422
13,IO,long31,85.1875374277219,26.875301136952,2470.31390231679,-8380.07780640404
14,AS,long31,90.2156200711154,37.2982461190774,1745.71044299467,-734.891839562016
15,ATO,long31,74.7689195761616,34.9985313479352,4322.91816953467,1918.78774991264
16,NA,long31,47.1694609186161,35.4442196124389,7673.54434327795,199.467591003635
17,ATO,long31,86.285420493492,36.7778908819462,2517.27310875341,1304.68846132989
18,AS,long31,90.584838628038,28.5359575351253,2311.26331474339,-4415.58188657138
19,AS,long31,69.9681590624466,32.3765572758726,3995.48479595267,-5015.51762076253
20,BS,long31,93.7772303341257,36.9938339277991,2053.55342132354,659.867018724374
1,AS,long32,98.2758357849283,30.0997009573183,2229.74804867583,-5123.06986623174
2,CS,long32,79.9102256461303,33.778992325192,2016.04811303198,-3221.97020677069
3,ATO,long32,60.5977994982599,34.5367985880879,6696.06825630125,89.0088749341244
4,AS,long32,99.4634766072097,35.0741203026577,1524.35096124073,-110.96806333291
5,ATO,long32,68.8658226439445,35.308854953937,5508.4006926445,351.9681798196
6,NAF,long32,79.142341745031,34.9225675314065,3064.87260405352,285.992468384524
7,EU,long32,83.9943160493231,38.2514418952025,2431.68890066198,966.382500729121
8,NA,long32,80.7905518485387,36.4337235225486,3542.39603477696,885.531235093443
9,AS,long32,51.780938032565,35.2372552498575,7790.63183916055,96.1479678662839
10,NAF,long32,66.6928596507858,34.625613409537,5147.25816049823,-1335.37075670785
11,MS,long32,83.9482713931446,33.9596525384259,2179.07082431255,-703.348665317043
12,NA,long32,70.3874801091802,35.8044646281684,5562.11166192956,452.403864522888
13,IO,long32,85.7965498445392,27.3659316128366,2402.87592999296,-10425.0950974405
14,AS,long32,90.5164392395726,36.9605767355814,1660.97753686037,-21.6446659540497
15,ATO,long32,76.8806541785585,34.7153192752009,4011.24548410387,589.215609139428
16,NA,long32,53.6739972774485,34.9645716792101,7382.23144184135,151.868795521275
17,ATO,long32,87.1182180183293,36.3825618671183,2311.37802909408,875.005511756143
18,AS,long32,90.8204125122449,28.7939047187429,2214.4507825607,-7089.95414686483
19,AS,long32,72.3472718386534,32.685920458848,3866.9137837386,-3426.10566986279
20,BS,long32,93.7347348210768,36.6562272594244,1944.94054356561,1399.22318093025
1,AS,long33,97.9973323120027,30.2483625814362,2121.12742115902,2335.15848707326
2,CS,long33,80.672044074065,33.7538434783765,1926.91198944174,6140.11617069282
3,ATO,long33,65.6473291339615,34.058635770651,6239.18304125328,1600.64508486474
4,AS,long33,99.2268728659416,34.818918802357,1489.61944796283,2276.69526041072
5,ATO,long33,72.5632571182371,34.843509467201,5005.31913490336,3336.07876780175
6,NAF,long33,80.6342151517383,34.7392942339276,2814.53594320411,8134.02010064997
7,EU,long33,84.8034244698236,37.7427501991272,2245.12900484156,6657.44833369011
8,NA,long33,82.4429595186954,36.0095207460603,3195.34733370252,5150.9018312023
9,AS,long33,58.5986009371714,34.5276744302958,7387.42938843096,214.801030557031
10,NAF,long33,70.1962116534949,34.4011079910934,4841.09152836517,1453.21953647454
11,MS,long33,84.8076708102097,33.9126648375179,2057.96235573331,8888.53229168074
12,NA,long33,73.7346536623186,35.2483431202969,5026.34204256926,2119.64159641867
13,IO,long33,86.4467271193552,27.8655811261041,2312.2955794571,-3956.14049771249
14,AS,long33,90.9020521327878,36.673111932938,1626.18698101429,2144.04667273351
15,ATO,long33,78.8931969968421,34.4816059555984,3636.86567602022,7902.48533175329
16,NA,long33,59.9972210264623,34.3726271400303,7002.90928729616,648.120941848266
17,ATO,long33,87.946949645105,36.0553143461279,2147.39053639631,6709.82511272878
18,AS,long33,91.1096191747135,29.0506034418798,2091.36649753316,1383.48787401875
19,AS,long33,74.6950779052688,32.9549583890423,3639.02531293822,238.063639491035
20,BS,long33,93.8228656226127,36.342449380129,1876.36098339157,5434.28240966262
1,AS,long34,97.7894475493365,30.3755449088344,1934.28780216348,8725.37189497244
2,CS,long34,81.4536816911765,33.7257989154622,1785.20264691174,12061.2655429226
3,ATO,long34,70.3425319553368,33.5926175167,5653.79216298814,3826.97784606258
4,AS,long34,99.022245539191,34.5010131103731,1406.47389183802,7767.40201106378
5,ATO,long34,75.9594737759537,34.4412276963989,4388.33538630981,7291.09893770416
6,NAF,long34,82.0524317161506,34.5846738880568,2507.98794504158,14158.8746338299
7,EU,long34,85.5684968269702,37.2650713163185,2035.69473868087,9721.931100653
8,NA,long34,84.0019462900269,35.6667774339559,2771.21432688784,8559.29897373407
9,AS,long34,65.1315354089576,33.6915153502619,6844.43066839135,436.267632218707
10,NAF,long34,73.4986711227681,34.1761655610357,4421.53102246479,5549.40729182408
11,MS,long34,85.6492281844171,33.857040159285,1861.51273822312,12443.5141901095
12,NA,long34,76.8422631074871,34.7895171510228,4396.294015007,4584.39690359886
13,IO,long34,87.1769847118514,28.3624448727495,2157.2338648544,2054.0715491643
14,AS,long34,91.3034758295994,36.3466175236374,1551.10784777395,8352.24662286146
15,ATO,long34,80.7863848137716,34.2902547315933,3179.3451049156,13695.8354058877
16,NA,long34,66.0553866656743,33.7348042972262,6451.21601180811,1714.53427412545
17,ATO,long34,88.7572022279385,35.7374178976221,1938.78488244,10751.1767332926
18,AS,long34,91.4839603050483,29.2894365825663,1908.33881054965,7571.94378251347
19,AS,long34,76.9576815983836,33.1838362672781,3324.22626611813,5343.64514280594
20,BS,long34,93.9440815416797,35.9768409130843,1735.90558260506,10441.7171462248
1,AS,long35,97.5921500362427,30.5175885145832,1711.58979462134,-5440.3141898201
2,CS,long35,82.1891686602556,33.6630569820875,1598.14227225247,-4623.76285985046
3,ATO,long35,74.6279159304503,33.2248699159218,4979.89210443682,1606.06719472752
4,AS,long35,98.7604938588184,34.1860216048607,1253.30446957462,-2009.31616896864
5,ATO,long35,79.0187575617389,34.097279013755,3751.94496956844,2211.38952865734
6,NAF,long35,83.3511732222109,34.4350596588144,2189.77045924545,542.755714245651
7,EU,long35,86.2192779112093,36.805602877533,1775.06550055634,1134.67227968574
8,NA,long35,85.4110125220714,35.354299676536,2334.64781951574,1144.05016994837
9,AS,long35,71.2407908378074,32.8276548459946,6169.34747284967,283.4806110375
10,NAF,long35,76.584646682342,33.9479803403678,3909.20170026076,545.751760774299
11,MS,long35,86.3997870486774,33.7808241344844,1629.55614829921,-1618.83874434084
12,NA,long35,79.6774690694673,34.4048473944836,3761.39498872569,1634.06076469259
13,IO,long35,87.9507215344066,28.8491744280884,1960.13437507239,-13800.0521419984
14,AS,long35,91.5976159871381,35.9881769005227,1391.59110026781,-1509.08511941569
15,ATO,long35,82.5011908011297,34.1068352128014,2729.53133211366,2143.21362374674
16,NA,long35,71.7171103485661,33.1376183719916,5764.67612395954,1104.71484980249
17,ATO,long35,89.4624594715839,35.4233259112866,1692.82999687992,248.719626539798
18,AS,long35,91.8688551652246,29.5107379723143,1707.92346011758,-7565.38732003166
19,AS,long35,79.0690455746119,33.3431755409278,2963.21789848332,-2405.22470429896
20,BS,long35,93.9741277613436,35.6042270534441,1523.52422409486,-101.584354243265
1,AS,long36,97.4754027842679,30.6957168587054,1490.53266440953,-5991.37951850385
2,CS,long36,82.8430738495317,33.6169935191296,1421.1538442369,-4986.76505284846
3,ATO,long36,78.5510125697332,33.0127208300941,4203.01214770878,874.85499481492
4,AS,long36,98.5570106170029,33.9695439888948,1121.3064178277,-147.796973367628
5,ATO,long36,81.7824104656453,33.8295522462899,3140.52181433645,699.113824381714
6,NAF,long36,84.5377108053945,34.3331401480629,1895.84202363143,-662.952451763217
7,EU,long36,86.7901849083068,36.451483653366,1523.16552483376,1030.4171973506
8,NA,long36,86.6797872740507,35.0996818326391,1961.65189327086,866.711621886122
9,AS,long36,76.889995570444,32.203391585844,5305.0232838182,189.965945947077
10,NAF,long36,79.4445724008924,33.7544420582625,3345.76775555587,-486.655614080765
11,MS,long36,87.0825500111876,33.7357784566897,1436.82008560764,-1617.36269063152
12,NA,long36,82.2879114071926,34.1069611908566,3143.48678964087,591.938342092595
13,IO,long36,88.7238890462715,29.3204024988338,1741.8273739132,-14890.2275908843
14,AS,long36,91.8634731785432,35.7110824249864,1248.57660410769,556.916764033092
15,ATO,long36,84.0451941997967,33.972157715179,2326.20425166842,135.889803360912
16,NA,long36,76.9426252060806,32.7268448536326,4954.30470903031,634.382199427694
17,ATO,long36,90.1220520903958,35.1954448107508,1485.68837119028,564.127553718114
18,AS,long36,92.2393608968875,29.7378470539104,1522.65389908531,-9019.32927079212
19,AS,long36,81.0133604332738,33.456229010096,2579.2198755572,-2847.39442767532
20,BS,long36,94.0116129328159,35.3425742263433,1363.56077145336,1084.17438560893
1,AS,long37,97.5131957237033,30.8923324931411,1252.97767916919,6455.21871432803
2,CS,long37,83.4932242034521,33.6198540320733,1269.02442568023,7175.64479859659
3,ATO,long37,82.1207508075016,32.9666818821011,3147.51605754695,9036.86632621853
4,AS,long37,98.5186419631713,33.836527339296,1033.43791699553,6484.53029198737
5,ATO,long37,84.2900523882669,33.6877533582477,2411.63129035262,10568.6130017505
6,NAF,long37,85.6850742711283,34.3064272403473,1586.07742020739,10953.1641675675
7,EU,long37,87.3868155673664,36.2058673590213,1353.81390451893,8515.71993649508
8,NA,long37,87.8708847680671,34.9292673048978,1630.58523535044,8606.43561096304
9,AS,long37,82.0810723698094,32.0349417458068,4007.27746489465,1267.98786983094
10,NAF,long37,82.0688729689171,33.6792630681078,2611.94497985326,7261.64848281872
11,MS,long37,87.7955699476304,33.7318470371208,1272.67700922297,9839.9749338645
12,NA,long37,84.7106597453934,33.9289798210362,2414.35250672917,6531.45480183953
13,IO,long37,89.5259119986629,29.7693019246921,1473.37961492997,-2382.32099527257
14,AS,long37,92.2409746133825,35.512195268462,1177.19550390182,7422.54156829223
15,ATO,long37,85.4946864311689,33.9343243363574,1887.04576535704,11811.5360788409
16,NA,long37,81.7088573119995,32.5922732014914,3770.24599333675,5061.21734048853
17,ATO,long37,90.8549368314043,35.0537616611482,1332.91201790827,7582.05410166258
18,AS,long37,92.6725940017933,29.9823379768054,1309.567811846,5671.359620292
19,AS,long37,82.8230983718788,33.5728204854051,2062.11900585624,5990.06166628582
20,BS,long37,94.1976141361765,35.1801658085851,1257.98968780426,7612.71849604021
1,AS,long38,97.6108293295962,31.1222633976794,826.45677528844,38282.2808992852
2,CS,long38,84.1495367504321,33.6228378535396,920.102961615567,33483.8208040158
3,ATO,long38,85.0840136583082,33.0369109539309,1709.55472294173,26673.3953202273
4,AS,long38,98.4963636395475,33.7283404120476,753.007841717208,22676.4885726887
5,ATO,long38,86.4143103066052,33.6666339898516,1365.38854146185,30137.3001780741
6,NAF,long38,86.7336302202775,34.3058856723872,1036.07777792517,32383.3490140899
7,EU,long38,87.9361806196947,35.9588833688051,990.089828557598,22487.3784230572
8,NA,long38,88.9103385092429,34.8035395731015,1043.25657633886,21694.6944607331
9,AS,long38,86.4051682899027,32.2403922359545,2129.82061385303,3899.29903548608
10,NAF,long38,84.3224940068244,33.7320839712852,1490.2659222941,25651.491992937
11,MS,long38,88.4821654532818,33.715320964171,874.150505496139,29780.3976276416
12,NA,long38,86.7672303536725,33.8552029909504,1369.32576729011,17855.4774264402
13,IO,long38,90.3443818564233,30.2080049247034,971.695919913715,30041.2690255235
14,AS,long38,92.6152135294778,35.2743535326778,879.188642255662,30592.3489312636
15,ATO,long38,86.7843103429893,33.9517953498443,1182.50732873243,32799.1681892417
16,NA,long38,85.6743378595988,32.6888177949877,2018.48123337952,15367.3456337298
17,ATO,long38,91.5438123739449,34.9133297873848,919.836404123121,23650.1237344305
18,AS,long38,93.1561594135953,30.2582399323005,868.801666211067,39746.4822244212
19,AS,long38,84.4204713979841,33.7075377980499,1233.70277081933,27288.1907368972
20,BS,long38,94.4038553730901,35.0165127142503,895.444227261068,28256.4582440139
