routeid,region,variable,long,lat
1,AS,long1,108.527294784964,29.5702907455838
2,CS,long1,51.5289087193636,36.759963052718
3,ATO,long1,-69.8966909434455,30.5885792358599
4,AS,long1,86.8556414361954,44.9335835624963
5,ATO,long1,-46.7054971025261,31.7706185932052
6,NAF,long1,1.4250115146196,34.7011704620338
7,EU,long1,17.4151569475871,50.625269379046
8,NA,long1,-75.3199479715478,40.9794668331828
9,AS,long1,136.103528607749,34.5203668639114
10,NAF,long1,-1.81605440700399,26.7877430561252
11,MS,long1,20.0571127044766,33.2122048429169
12,NA,long1,-111.577724664422,38.2739756861074
13,IO,long1,65.2846256718061,20.6489791084163
14,AS,long1,70.5928839801271,45.3727680799449
15,ATO,long1,-31.8571101688413,34.374122891977
16,NA,long1,-103.33853192005,32.8412293599364
17,ATO,long1,-34.7112624539185,43.2443718733908
18,AS,long1,82.0487236480558,25.1993921148978
19,AS,long1,41.6063608328398,22.7991963388169
20,BS,long1,30.7163013964377,44.8993450461892
1,AS,long2,108.939704950105,29.4682550396065
2,CS,long2,53.2972058849944,36.6129269587641
3,ATO,long2,-67.5449099353151,30.6841610125168
4,AS,long2,88.5560461373288,44.7832152890666
5,ATO,long2,-43.7977342275049,31.9658503457585
6,NAF,long2,4.17145826576908,34.677882028991
7,EU,long2,20.453102206239,51.167768888691
8,NA,long2,-70.9461169208872,41.6074617732051
9,AS,long2,120.847728036368,35.6494058841806
10,NAF,long2,-0.286732994310772,26.6216855881802
11,MS,long2,22.6520599674837,33.2890752153478
12,NA,long2,-110.178925969114,38.3819437099916
13,IO,long2,66.1927075012297,20.7500332759413
14,AS,long2,72.1743793852855,45.2381604655619
15,ATO,long2,-28.3934985648847,34.6672600855485
16,NA,long2,-119.856886659447,33.1850273918745
17,ATO,long2,-29.7743649611306,43.9577023124514
18,AS,long2,82.9813986339337,25.2176905327477
19,AS,long2,42.0338731724637,22.6855831813778
20,BS,long2,33.8713839161572,45.3616841969168
1,AS,long3,109.259697069648,29.3539963730367
2,CS,long3,54.9732718322106,36.4367346173142
3,ATO,long3,-65.1398703094003,30.7766914729837
4,AS,long3,90.1072898230813,44.5956775125269
5,ATO,long3,-40.9197585155545,32.1425228415381
6,NAF,long3,6.90133856276229,34.6533166018328
7,EU,long3,23.2671400557948,51.7336682846642
8,NA,long3,-66.2197744136788,42.3902849807374
9,AS,long3,73.6061407505006,36.7713813018127
10,NAF,long3,1.15961307506811,26.4716779071913
11,MS,long3,25.278979461386,33.3508584722265
12,NA,long3,-106.863177786163,38.5529451706706
13,IO,long3,67.0956510402473,20.8191421163954
14,AS,long3,73.7046474626885,45.0457960025096
15,ATO,long3,-24.8485941588189,35.0021465785265
16,NA,long3,-125.787726521588,33.360017837466
17,ATO,long3,-24.4581787789245,44.7056450666084
18,AS,long3,83.8440018455979,25.2092498932602
19,AS,long3,42.3887031016405,22.5702762499916
20,BS,long3,37.2365213471669,45.8499362386306
1,AS,long4,109.496275699412,29.2462336342413
2,CS,long4,56.5190564409381,36.2182649623235
3,ATO,long4,-62.6891044872091,30.8939901045488
4,AS,long4,91.5574725256481,44.3900252305696
5,ATO,long4,-38.0691229346961,32.2900211806786
6,NAF,long4,9.59889629265663,34.5988526025077
7,EU,long4,25.6627428606641,52.2398247906687
8,NA,long4,-60.8886028756509,43.2433536492974
9,AS,long4,25.3264484695962,37.5666930362065
10,NAF,long4,2.53217284443992,26.3228139752902
11,MS,long4,27.9204928774824,33.3711047840332
12,NA,long4,-102.184480029517,38.8203603019831
13,IO,long4,67.9612745285475,20.8661534693545
14,AS,long4,75.0746951336307,44.8113150613626
15,ATO,long4,-21.2122206882628,35.3042798229694
16,NA,long4,-123.82194016849,33.4944921654215
17,ATO,long4,-18.7837400974559,45.3729296056291
18,AS,long4,84.6055447199822,25.1949999629445
19,AS,long4,42.6697099414032,22.4463095162222
20,BS,long4,40.7979377270057,46.28528497424
1,AS,long5,109.695294997701,29.1398941687573
2,CS,long5,57.9373545579439,35.9959822589134
3,ATO,long5,-59.9720903715236,31.0480088988128
4,AS,long5,92.905024459361,44.1739388016106
5,ATO,long5,-35.1972369285777,32.3944834532072
6,NAF,long5,12.236442788581,34.5182155362022
7,EU,long5,27.721048690978,52.66952028089
8,NA,long5,-55.005927865009,44.0333728746026
9,AS,long5,-12.5985925742899,37.9985205041924
10,NAF,long5,3.83263805073583,26.1690079187415
11,MS,long5,30.5662841710729,33.3861384191843
12,NA,long5,-96.7256094211509,39.1068710297884
13,IO,long5,68.7962261271966,20.9179487771363
14,AS,long5,76.2640957211416,44.584270328437
15,ATO,long5,-17.5844116371004,35.5226282585032
16,NA,long5,-120.509745466653,33.673404416303
17,ATO,long5,-12.9136241508678,45.892071058083
18,AS,long5,85.2964876519082,25.1970341908335
19,AS,long5,42.8896713744457,22.3424345572691
20,BS,long5,44.5643000648186,46.6534527318883
1,AS,long6,109.8305118321,29.0208698504238
2,CS,long6,59.2725980874094,35.7930306015594
3,ATO,long6,-57.1049908379628,31.2594230680093
4,AS,long6,94.0551977229536,43.9001472571529
5,ATO,long6,-32.3423586550028,32.4728811723226
6,NAF,long6,14.8204597468095,34.457901798845
7,EU,long6,29.7656179233998,53.0338323395542
8,NA,long6,-48.6806447781927,44.7309058302107
9,AS,long6,-43.6318729572773,38.2164380568954
10,NAF,long6,5.07438939763553,26.021181477294
11,MS,long6,33.2465008033195,33.4473335630965
12,NA,long6,-90.7412046348725,39.3704228346686
13,IO,long6,69.6235473597722,20.9741580315323
14,AS,long6,77.3459942433552,44.3613366277169
15,ATO,long6,-14.0363715335417,35.6893790697728
16,NA,long6,-116.526793722419,33.8908798320931
17,ATO,long6,-6.99157254367463,46.3048725517446
18,AS,long6,85.956078060124,25.1991297384924
19,AS,long6,43.0692943590634,22.2875530377022
20,BS,long6,48.5214534756466,46.9441086073244
1,AS,long7,109.859085522163,28.9104297744077
2,CS,long7,60.5362195405592,35.5784315465411
3,ATO,long7,-54.107748531071,31.5486204180327
4,AS,long7,94.8962789378254,43.5467877011389
5,ATO,long7,-29.5482271519169,32.5522650624785
6,NAF,long7,17.3952165509614,34.4200266806896
7,EU,long7,32.8861276041319,53.2601481566994
8,NA,long7,-41.9003319282075,45.3461400352245
9,AS,long7,-71.7970362516571,38.396958928093
10,NAF,long7,6.27327480051091,25.8806655798275
11,MS,long7,35.9847552681103,33.5440732228956
12,NA,long7,-84.287685357324,39.6454578272774
13,IO,long7,70.4344184215763,21.0127255610067
14,AS,long7,77.9143322398604,44.1169152254347
15,ATO,long7,-10.5197475868339,35.824602393974
16,NA,long7,-111.899696520559,34.150732415106
17,ATO,long7,-0.998776491216459,46.6230994032271
18,AS,long7,86.5640892512555,25.1865572704565
19,AS,long7,43.2200899395337,22.2744410346978
20,BS,long7,52.6298227154937,47.0814573932542
1,AS,long8,109.811915209602,28.8415910102352
2,CS,long8,61.6994189484323,35.3374056373174
3,ATO,long8,-50.9064909858457,31.9006131610121
4,AS,long8,95.4776148772173,43.1622049038479
5,ATO,long8,-26.808197069511,32.6299457335612
6,NAF,long8,19.9814364216265,34.3669041537364
7,EU,long8,36.9144252153132,53.2523307363926
8,NA,long8,-34.5732705318349,45.8022538508761
9,AS,long8,-96.7638749315467,38.6125824396382
10,NAF,long8,7.47334042513305,25.7464633947483
11,MS,long8,38.7667948957093,33.6501133614268
12,NA,long8,-77.3807852527134,39.9527738225487
13,IO,long8,71.2069952214717,21.0324736286614
14,AS,long8,78.2073840228382,43.8797898572601
15,ATO,long8,-6.98597088059708,35.900576569303
16,NA,long8,-106.943632942437,34.446396050731
17,ATO,long8,5.01698802374465,46.8058156818407
18,AS,long8,87.0948339407537,25.1779213645648
19,AS,long8,43.3460639566141,22.292357549495
20,BS,long8,56.7753608157483,46.9994566933986
1,AS,long9,109.733699030931,28.8046827723882
2,CS,long9,62.7658487984262,35.1103509272791
3,ATO,long9,-47.5500939229224,32.2777857367464
4,AS,long9,96.0783383264058,42.7824674054936
5,ATO,long9,-24.0823458370121,32.7116838908167
6,NAF,long9,22.5718542887393,34.323633905592
7,EU,long9,40.6666121659229,53.0290677159771
8,NA,long9,-26.8979193805139,46.0363833814852
9,AS,long9,-112.084558072115,38.8149579176208
10,NAF,long9,8.70913962395352,25.6448582795213
11,MS,long9,41.5813034392581,33.7876925717472
12,NA,long9,-70.1372665346629,40.308482791739
13,IO,long9,71.9502869297951,21.0492804420185
14,AS,long9,78.829294126722,43.6818375252853
15,ATO,long9,-3.44306260007703,35.9294799699107
16,NA,long9,-101.661974146193,34.7408435760973
17,ATO,long9,10.9082280142318,46.849872291814
18,AS,long9,87.582821144813,25.1876472106333
19,AS,long9,43.4547114881849,22.3595683506559
20,BS,long9,60.806138817777,46.7390972657397
1,AS,long10,109.597694461519,28.771403277197
2,CS,long10,63.7821811784884,34.9203198220323
3,ATO,long10,-44.0975262809176,32.6691388935363
4,AS,long10,96.7878988952943,42.3977766574022
5,ATO,long10,-21.2911288382118,32.826830375029
6,NAF,long10,25.1825594794266,34.3534875598608
7,EU,long10,43.9340652367442,52.6743472167963
8,NA,long10,-19.1241398072869,46.066236663947
9,AS,long10,-117.304493138359,38.8989505516054
10,NAF,long10,9.75880865253429,25.6209197675843
11,MS,long10,44.4415529762979,33.9745145407881
12,NA,long10,-62.6389573156342,40.7777185608063
13,IO,long10,72.6930679699756,21.0665581944888
14,AS,long10,79.6987988288601,43.4820137589984
15,ATO,long10,0.151243864839643,35.9620141737722
16,NA,long10,-96.0807619951121,35.009811404254
17,ATO,long10,16.6356837805361,46.7945606358349
18,AS,long10,88.0643187000433,25.1998554264876
19,AS,long10,43.5693480907618,22.4902809148915
20,BS,long10,64.61099035755,46.363630785404
1,AS,long11,109.363064426144,28.742775627384
2,CS,long11,64.7581818658679,34.7369437933321
3,ATO,long11,-40.5250754406222,33.0539047613241
4,AS,long11,97.4654750688918,42.0087952950604
5,ATO,long11,-18.3930023733426,32.9606320078955
6,NAF,long11,27.8392898308694,34.4456461184966
7,EU,long11,46.8005707125073,52.2128374605958
8,NA,long11,-11.4675654202795,45.8872736333301
9,AS,long11,-117.583721638627,38.8583466443086
10,NAF,long11,10.5154480520782,25.6783293953217
11,MS,long11,47.335627911762,34.1646223846071
12,NA,long11,-54.9240007341651,41.4282467451895
13,IO,long11,73.4458418508352,21.0804265732
14,AS,long11,80.6694792438492,43.233578416352
15,ATO,long11,3.88807879573346,35.9845576385274
16,NA,long11,-90.1993563103851,35.2556698327087
17,ATO,long11,22.2455217165477,46.6662514576556
18,AS,long11,88.5050041981052,25.2037967324527
19,AS,long11,43.7012187954559,22.6686197714786
20,BS,long11,68.1153761274274,45.8897543618645
1,AS,long12,109.064083325382,28.7306979751494
2,CS,long12,65.6499505583021,34.5491486506652
3,ATO,long12,-36.8392649063208,33.3722303249598
4,AS,long12,98.1188388361046,41.6484906530585
5,ATO,long12,-15.3962578738253,33.0578121647198
6,NAF,long12,30.533403185622,34.5520207630891
7,EU,long12,49.388995020563,51.643862321566
8,NA,long12,-4.02703572643695,45.4830396517437
9,AS,long12,-114.647518122944,38.833268869886
10,NAF,long12,11.1577748067183,25.7788290915025
11,MS,long12,50.2073158175379,34.3166038731053
12,NA,long12,-47.113162917191,42.2419167262049
13,IO,long12,74.1965739540944,21.1028159637585
14,AS,long12,81.5114914183274,42.9782530101196
15,ATO,long12,7.77122527324553,35.928777126083
16,NA,long12,-84.013929843238,35.5087605160766
17,ATO,long12,27.8096372303754,46.4778825595996
18,AS,long12,88.8565242193924,25.2207684487918
19,AS,long12,43.8574641521066,22.8817961146905
20,BS,long12,71.2512380057771,45.3642515045622
1,AS,long13,108.747682236274,28.7200545857734
2,CS,long13,66.4522052715663,34.3975538331084
3,ATO,long13,-33.0975597436242,33.5972447680783
4,AS,long13,98.7311921656672,41.3133157048561
5,ATO,long13,-12.3367008039916,33.103985030708
6,NAF,long13,33.245460665894,34.6933009947881
7,EU,long13,51.7526800464002,51.0189949767818
8,NA,long13,3.16054484031776,44.9599948697793
9,AS,long13,-108.964734316869,38.9052602529974
10,NAF,long13,11.7875742248818,25.9175780755513
11,MS,long13,53.0052534447266,34.4510174794893
12,NA,long13,-39.2935906200189,43.0821915500831
13,IO,long13,74.9399437430875,21.1485372629873
14,AS,long13,82.2404373418567,42.7609254122503
15,ATO,long13,11.6832285329743,35.8080813200769
16,NA,long13,-77.5040657206151,35.8139275652939
17,ATO,long13,33.3091750812267,46.2988563692927
18,AS,long13,89.1376807668417,25.2682322019059
19,AS,long13,44.0722927004444,23.1447999597495
20,BS,long13,74.031969561246,44.8727439071554
1,AS,long14,108.379222838678,28.699766046348
2,CS,long14,67.2197252550724,34.294245208404
3,ATO,long14,-29.3233197115302,33.7560320839857
4,AS,long14,99.2246240458532,40.9544929085599
5,ATO,long14,-9.2119332349473,33.1491301972152
6,NAF,long14,35.998588986295,34.9108530895834
7,EU,long14,53.95312568921,50.394000244895
8,NA,long14,9.58167894318955,44.5024680533703
9,AS,long14,-101.638735327066,39.0059816025475
10,NAF,long14,12.8325671669571,26.1307273851259
11,MS,long14,55.7048676701875,34.5786666083908
12,NA,long14,-31.4541938736735,43.7396930633352
13,IO,long14,75.6860155019656,21.2183810458953
14,AS,long14,82.9084117687846,42.5324280535463
15,ATO,long14,15.5659439592142,35.711799018329
16,NA,long14,-70.6658961055963,36.2151212533493
17,ATO,long14,38.7590842761821,46.1729168226803
18,AS,long14,89.3913491499963,25.3331333069744
19,AS,long14,44.3782421897551,23.4659302582329
20,BS,long14,76.573986658448,44.4287008645916
1,AS,long15,107.911678217117,28.7009812743501
2,CS,long15,67.9710264811212,34.1975409375377
3,ATO,long15,-25.4813391864198,33.8558143246233
4,AS,long15,99.5811785706874,40.563988187609
5,ATO,long15,-5.93869019914549,33.2316888346178
6,NAF,long15,38.8309522574057,35.1643971786358
7,EU,long15,56.0757947116448,49.7653393751609
8,NA,long15,15.5395576639452,44.1710816726921
9,AS,long15,-93.2095133652473,39.0934911449787
10,NAF,long15,14.421267954683,26.4165304633445
11,MS,long15,58.2851558246902,34.6574697366863
12,NA,long15,-23.6068996940799,43.9728388838012
13,IO,long15,76.4342415409191,21.3122241516428
14,AS,long15,83.4536442324258,42.2531419995396
15,ATO,long15,19.4662992610587,35.6570776148958
16,NA,long15,-63.5218159509511,36.7606556652598
17,ATO,long15,44.1465504280606,46.0204895971491
18,AS,long15,89.5966929647169,25.3994503634103
19,AS,long15,44.7849455856429,23.8261115683265
20,BS,long15,78.9838558710276,43.9640903235736
1,AS,long16,107.376416466252,28.7421821082178
2,CS,long16,68.6769081613637,34.0985621418297
3,ATO,long16,-21.5535114428256,33.8560696458482
4,AS,long16,99.8760600941345,40.1760918330322
5,ATO,long16,-2.42984742550422,33.3254055888595
6,NAF,long16,41.7369440384378,35.3944585988262
7,EU,long16,58.1966215913036,49.113848783477
8,NA,long16,21.322968438716,43.90951566843
9,AS,long16,-84.1158425460865,39.2221992605416
10,NAF,long16,16.2151717464749,26.737185669419
11,MS,long16,60.7123466057911,34.6657351418724
12,NA,long16,-16.0390032268793,43.6529703052387
13,IO,long16,77.1637569608145,21.4370863510019
14,AS,long16,83.8830849572733,41.9800246937302
15,ATO,long16,23.386962663034,35.6096295727308
16,NA,long16,-56.1555960110275,37.4420665735592
17,ATO,long16,49.3230583503402,45.7592695829765
18,AS,long16,89.7078752269559,25.4803875748614
19,AS,long16,45.2946368528931,24.2152328718468
20,BS,long16,81.1611507188941,43.4640237672105
1,AS,long17,106.826368364058,28.7992023502593
2,CS,long17,69.3478545465535,34.0336757562224
3,ATO,long17,-17.5376812437663,33.7296567577333
4,AS,long17,100.19573144846,39.7863451447677
5,ATO,long17,1.31836586943449,33.4214597252847
6,NAF,long17,44.6767801276724,35.6180004503752
7,EU,long17,60.370375840868,48.4746898604586
8,NA,long17,27.0551134357089,43.7057017715662
9,AS,long17,-74.7115880918427,39.4560858222162
10,NAF,long17,18.1300765001076,27.1010640202952
11,MS,long17,62.9643250669394,34.6587895587081
12,NA,long17,-9.00306867663218,42.9070746670751
13,IO,long17,77.8647218092099,21.5919303495546
14,AS,long17,84.3288741098198,41.7510611857258
15,ATO,long17,27.3027300155838,35.6144303509369
16,NA,long17,-48.6845013170589,38.1830428216696
17,ATO,long17,54.2227102023101,45.4353515402127
18,AS,long17,89.7529675495881,25.5915006212078
19,AS,long17,45.9301192708695,24.6556536789348
20,BS,long17,83.0549325770815,42.9855056140371
1,AS,long18,106.236726418295,28.8538618407677
2,CS,long18,70.0361832837267,34.0016442363729
3,ATO,long18,-13.4022948678576,33.505720665892
4,AS,long18,100.474062872952,39.3615606398545
5,ATO,long18,5.29228249008157,33.5704663029771
6,NAF,long18,47.6114266513146,35.8588485539121
7,EU,long18,62.6362736386592,47.8703054508243
8,NA,long18,32.8805173542137,43.5579474670235
9,AS,long18,-65.0545777171493,39.8359696998407
10,NAF,long18,20.1849807111231,27.5465622166452
11,MS,long18,65.058588277371,34.6855482359736
12,NA,long18,-2.40890015055794,42.0004689551243
13,IO,long18,78.5424987326607,21.7641126146904
14,AS,long18,84.8181977506458,41.5058078776014
15,ATO,long18,31.2441825722506,35.7367271889189
16,NA,long18,-41.1415883824293,38.8640982465316
17,ATO,long18,58.8304107500312,45.1129051198096
18,AS,long18,89.7887786855695,25.7154307347869
19,AS,long18,46.7164952120649,25.1616633555154
20,BS,long18,84.7668983759327,42.5392748672193
1,AS,long19,105.567752373719,28.9254325964591
2,CS,long19,70.7390252511675,33.9622558828364
3,ATO,long19,-9.09909998893482,33.2386721413386
4,AS,long19,100.624413736525,38.9217875968897
5,ATO,long19,9.51222666973628,33.775338931075
6,NAF,long19,50.5029169089852,36.0671916022451
7,EU,long19,64.9995621067553,47.2284589868562
8,NA,long19,38.5984020903474,43.3837276916121
9,AS,long19,-55.1735796576274,40.2768021493791
10,NAF,long19,22.4150513191445,28.0616984446031
11,MS,long19,67.0320603100341,34.7158595567571
12,NA,long19,3.91904124906928,41.1448632750087
13,IO,long19,79.174502472605,21.9530206213457
14,AS,long19,85.2833435996493,41.2099180728396
15,ATO,long19,35.2353886814579,35.9329902679575
16,NA,long19,-33.5803714917564,39.3361672023082
17,ATO,long19,63.1185142285592,44.7386460843703
18,AS,long19,89.8021432879968,25.8447477369996
19,AS,long19,47.6562577228626,25.7001692268232
20,BS,long19,86.3196935430712,42.0844297233932
1,AS,long20,104.866443581674,29.0286399585675
2,CS,long20,71.401979891739,33.9196191074875
3,ATO,long20,-4.5853111154133,32.9671268811976
4,AS,long20,100.723466699454,38.5254149030284
5,ATO,long20,13.9548907752066,33.9943646575129
6,NAF,long20,53.3046244989666,36.1997769881184
7,EU,long20,67.3239844771383,46.522500887854
8,NA,long20,44.0436661895325,43.1125944264539
9,AS,long20,-45.1545629155149,40.578175654615
10,NAF,long20,24.8325671019618,28.6048139971804
11,MS,long20,68.8987642923074,34.7187466860301
12,NA,long20,10.0459198696197,40.4274192697172
13,IO,long20,79.7299730523286,22.1731360531596
14,AS,long20,85.727252701927,40.9263981691862
15,ATO,long20,39.222461187064,36.1296871216532
16,NA,long20,-26.1685133598213,39.5138168289141
17,ATO,long20,66.9831937675022,44.248057501518
18,AS,long20,89.7618110783044,26.0032927188567
19,AS,long20,48.7357771329666,26.2514346949525
20,BS,long20,87.7135879773261,41.6400003095969
1,AS,long21,104.20518973102,29.1341437853143
2,CS,long21,72.0339463338206,33.914744121166
3,ATO,long21,0.147443214014095,32.7395588423773
4,AS,long21,100.885157244079,38.171001855218
5,ATO,long21,18.5632440826457,34.2445758785394
6,NAF,long21,55.9958677360489,36.2953978658798
7,EU,long21,69.4702882456162,45.8166284181888
8,NA,long21,48.8403560802512,42.7783939287717
9,AS,long21,-35.2052475509579,40.6473728948545
10,NAF,long21,27.4452113568487,29.1921194777674
11,MS,long21,70.6784001567805,34.721616439731
12,NA,long21,15.9520043649983,39.8849924198635
13,IO,long21,80.2334109369647,22.4370096736328
14,AS,long21,86.2062946839394,40.6776081187932
15,ATO,long21,43.1623266270657,36.3320623358056
16,NA,long21,-19.0420872225435,39.4371013944537
17,ATO,long21,70.3290918982201,43.6608747480335
18,AS,long21,89.7183428313177,26.1946633402496
19,AS,long21,49.952082125584,26.8509884764525
20,BS,long21,89.0053687189182,41.2432890178824
1,AS,long22,103.579643580108,29.2150672733161
2,CS,long22,72.6959649720791,33.9339891969068
3,ATO,long22,5.09707134484845,32.6255044946227
4,AS,long22,101.063996548876,37.8112200499908
5,ATO,long22,23.301544740959,34.5534986536756
6,NAF,long22,58.600403425879,36.3782495609224
7,EU,long22,71.4562338893249,45.118588001927
8,NA,long22,53.1891618670043,42.4157857611269
9,AS,long22,-25.6011257334354,40.5944967650625
10,NAF,long22,30.2714444054636,29.8659676372319
11,MS,long22,72.4044981937905,34.7157396184326
12,NA,long22,21.7228673105531,39.5114605511017
13,IO,long22,80.7333485330232,22.7439379951561
14,AS,long22,86.7106054570859,40.3906746357917
15,ATO,long22,47.0611642285029,36.5451480928935
16,NA,long22,-12.2258950706518,39.2265111278671
17,ATO,long22,73.2854903242174,42.9787524480507
18,AS,long22,89.7350027101564,26.3884881635848
19,AS,long22,51.329885355948,27.5074336535073
20,BS,long22,90.226673472434,40.8328745813797
1,AS,long23,102.949581568193,29.2864345746323
2,CS,long23,73.3825437250515,33.9260228670065
3,ATO,long23,10.2690643848717,32.6361636693515
4,AS,long23,101.148089555773,37.4510676328503
5,ATO,long23,28.1243925300286,34.8752717276001
6,NAF,long23,61.1435403658822,36.3918583449391
7,EU,long23,73.2753714813832,44.385900953117
8,NA,long23,57.2856172787352,41.9840322471092
9,AS,long23,-16.4334759424085,40.5853261478177
10,NAF,long23,33.329834535117,30.5953489782067
11,MS,long23,74.0428079610231,34.6362013549197
12,NA,long23,27.4553210672903,39.2019985928583
13,IO,long23,81.2176133604358,23.0913999995027
14,AS,long23,87.1547665895898,40.044782625671
15,ATO,long23,50.8895522522667,36.6912236047256
16,NA,long23,-5.6553025068241,38.9746121053264
17,ATO,long23,75.8958920572958,42.1502746093982
18,AS,long23,89.77139853248,26.5732522975296
19,AS,long23,52.888581776354,28.1743212810679
20,BS,long23,91.3055871490814,40.3543631476225
1,AS,long24,102.358228344081,29.3686444426086
2,CS,long24,74.0460175740498,33.9022898476556
3,ATO,long24,15.6161202689444,32.7379996297294
4,AS,long24,101.159630126342,37.1394612677912
5,ATO,long24,32.950725879876,35.1651106714969
6,NAF,long24,63.6007590737588,36.3037372216218
7,EU,long24,74.8790193977797,43.6301807787513
8,NA,long24,61.1152664569224,41.446782249119
9,AS,long24,-7.59370906157867,40.6154168696251
10,NAF,long24,36.5973540539225,31.3283680425421
11,MS,long24,75.520386968072,34.4984228681427
12,NA,long24,33.0949806131113,38.871041763216
13,IO,long24,81.6532432949385,23.4930067025797
14,AS,long24,87.5439491949823,39.7167039289908
15,ATO,long24,54.5779208305011,36.7052467710256
16,NA,long24,0.807962344904922,38.6757647747847
17,ATO,long24,78.0392091621285,41.2043357132977
18,AS,long24,89.7768266238454,26.7785215110587
19,AS,long24,54.6121973708749,28.8184337968498
20,BS,long24,92.1921348287123,39.8667114214542
1,AS,long25,101.843359857104,29.4403015125112
2,CS,long25,74.7094291596799,33.9093930112406
3,ATO,long25,21.0690643984184,32.9570272360629
4,AS,long25,101.164812833037,36.8672995007164
5,ATO,long25,37.7265852085339,35.4568169873435
6,NAF,long25,65.932978655174,36.1751095471105
7,EU,long25,76.312812349699,42.9092838419095
8,NA,long25,64.5879462324707,40.8425549688259
9,AS,long25,0.950545529632774,40.4944201836443
10,NAF,long25,40.0246287255606,32.0801966802597
11,MS,long25,76.8489957838632,34.3852466739181
12,NA,long25,38.5628634303864,38.5562727813019
13,IO,long25,82.0811475309634,23.9482695390003
14,AS,long25,87.9677455318282,39.424457142675
15,ATO,long25,58.0895102530232,36.6268067243542
16,NA,long25,7.29721699613749,38.2946160799133
17,ATO,long25,79.7306044730148,40.2865466277128
18,AS,long25,89.7937747227982,27.013065367274
19,AS,long25,56.4793070700444,29.4489765977475
20,BS,long25,92.8820029163329,39.4067108495739
1,AS,long26,101.318428233245,29.4869388765656
2,CS,long26,75.4251120204201,33.9289514569955
3,ATO,long26,26.6219960474969,33.3228464462522
4,AS,long26,101.110741041617,36.5843971028326
5,ATO,long26,42.4704368465218,35.7702865962561
6,NAF,long26,68.1468992801158,36.0516550066232
7,EU,long26,77.651651612827,42.2192895520895
8,NA,long26,67.6677798691298,40.2184927502579
9,AS,long26,9.11205977923069,40.0756388509481
10,NAF,long26,43.6084666389383,32.8525655404074
11,MS,long26,78.0775091229526,34.3081249661366
12,NA,long26,43.8644888054748,38.3107963831987
13,IO,long26,82.5541886354568,24.4259997018631
14,AS,long26,88.4162496879803,39.0913424601443
15,ATO,long26,61.4223867495848,36.4929048418881
16,NA,long26,13.9329653402612,37.8575001407681
17,ATO,long26,81.1051900639603,39.4952094009518
18,AS,long26,89.8663358714972,27.2520913531217
19,AS,long26,58.4912614302798,30.0655050903329
20,BS,long26,93.3568706663073,38.9366468983751
1,AS,long27,100.713803884901,29.5457052744765
2,CS,long27,76.1623927888988,33.9123326539453
3,ATO,long27,32.2946479522799,33.7723245680242
4,AS,long27,100.928482204206,36.3032965829529
5,ATO,long27,47.1953498783297,36.0290069198662
6,NAF,long27,70.2511708717506,35.9005875212748
7,EU,long27,78.9081681026114,41.509923045183
8,NA,long27,70.4373151413434,39.5599546506921
9,AS,long27,16.8068719172476,39.3195467019681
10,NAF,long27,47.3702977976125,33.5540269262719
11,MS,long27,79.1992861156562,34.2283312495485
12,NA,long27,49.0013145465626,38.0791274754769
13,IO,long27,83.0490109867415,24.9079982535979
14,AS,long27,88.7937011185986,38.704353734464
15,ATO,long27,64.5606173078446,36.2677591110634
16,NA,long27,20.7291447596535,37.3636484706765
17,ATO,long27,82.2867695861242,38.8074359279644
18,AS,long27,89.9539130867106,27.4886393164963
19,AS,long27,60.6502856364429,30.6286005606973
20,BS,long27,93.600152167106,38.4687835982803
1,AS,long28,100.10047864293,29.6425373353621
2,CS,long28,76.8675898827373,33.881358666887
3,ATO,long28,38.0565452096345,34.2148286184108
4,AS,long28,100.6828453594,36.0638086372825
5,ATO,long28,51.8428926171296,36.1530797196511
6,NAF,long28,72.2317604153405,35.7097580110627
7,EU,long28,80.0582896630679,40.7918858528622
8,NA,long28,72.9260397540464,38.8625148906321
9,AS,long28,24.0614172384235,38.283538429312
10,NAF,long28,51.260274791452,34.0966009970325
11,MS,long28,80.2194578078194,34.1600173411761
12,NA,long28,53.9155900474479,37.7741540917855
13,IO,long28,83.5275946328472,25.4002183912237
14,AS,long28,89.1198832277046,38.3498793165948
15,ATO,long28,67.4653847823707,35.9433585420265
16,NA,long28,27.4860458571837,36.7914084590274
17,ATO,long28,83.3583009410594,38.2026666517539
18,AS,long28,90.0212453335952,27.7375068359444
19,AS,long28,62.9216830856047,31.1201876078717
20,BS,long28,93.696704826491,38.077226542992
1,AS,long29,99.5746311083682,29.7434391591736
2,CS,long29,77.5792407134745,33.8820047979374
3,ATO,long29,43.8469166508802,34.6102550480441
4,AS,long29,100.457088688674,35.8365167033344
5,ATO,long29,56.3548355525795,36.1539470239929
6,NAF,long29,74.1013704086184,35.5236786934239
7,EU,long29,81.1365008399226,40.1158783625348
8,NA,long29,75.1602371602675,38.1833590863017
9,AS,long29,30.9973236321082,37.2067175446349
10,NAF,long29,55.1941758987359,34.4834635301283
11,MS,long29,81.1956538529576,34.1285863874476
12,NA,long29,58.5484483272535,37.3838921331979
13,IO,long29,84.0233831061667,25.9010132186519
14,AS,long29,89.495127503584,38.0377805689687
15,ATO,long29,70.1160467820047,35.5987292174224
16,NA,long29,34.0607512410956,36.2432764884195
17,ATO,long29,84.3834788160213,37.688636539554
18,AS,long29,90.1321298407402,28.0058682485661
19,AS,long29,65.2465678693449,31.5710145279927
20,BS,long29,93.7797385865643,37.7451523619917
1,AS,long30,99.1188061965718,29.8301050577551
2,CS,long30,78.3517988118448,33.8831199749687
3,ATO,long30,49.6084284680871,34.8761995788569
4,AS,long30,100.190629863664,35.575675252935
5,ATO,long30,60.7193602001953,36.0374212490726
6,NAF,long30,75.885264091031,35.3484062112635
7,EU,long30,82.1788207096877,39.4746915627758
8,NA,long30,77.1893467767719,37.557965929624
9,AS,long30,37.8469644266037,36.3786419495509
10,NAF,long30,59.124307920925,34.7247954233609
11,MS,long30,82.1619809708314,34.0979673438395
12,NA,long30,62.8477111336234,36.9284488538789
13,IO,long30,84.5847934226561,26.3929271645789
14,AS,long30,89.8925573164207,37.6864650852913
15,ATO,long30,72.5323522150914,35.2913458570651
16,NA,long30,40.5911313539372,35.8222355606128
17,ATO,long30,85.3743032488612,37.2256795271525
18,AS,long30,90.3399618249062,28.2763332246772
19,AS,long30,67.596221667706,31.9995007874604
20,BS,long30,93.8288063352664,37.3813755824262
1,AS,long31,98.6720273571343,29.9448712634478
2,CS,long31,79.1461201448531,33.8368381177741
3,ATO,long31,55.2338651636535,34.8614380878185
4,AS,long31,99.8208436771752,35.3106679407803
5,ATO,long31,64.9072267965129,35.7497707452478
6,NAF,long31,77.5695008173717,35.1428415828998
7,EU,long31,83.1386949147607,38.8396177601101
8,NA,long31,79.0538559968966,36.9680531532113
9,AS,long31,44.8025585503549,35.8066173469797
10,NAF,long31,62.9877934360171,34.771015304742
11,MS,long31,83.0828492934978,34.030805315559
12,NA,long31,66.7828255495759,36.3972713655288
13,IO,long31,85.1875374277219,26.875301136952
14,AS,long31,90.2156200711154,37.2982461190774
15,ATO,long31,74.7689195761616,34.9985313479352
16,NA,long31,47.1694609186161,35.4442196124389
17,ATO,long31,86.285420493492,36.7778908819462
18,AS,long31,90.584838628038,28.5359575351253
19,AS,long31,69.9681590624466,32.3765572758726
20,BS,long31,93.7772303341257,36.9938339277991
1,AS,long32,98.2758357849283,30.0997009573183
2,CS,long32,79.9102256461303,33.778992325192
3,ATO,long32,60.5977994982599,34.5367985880879
4,AS,long32,99.4634766072097,35.0741203026577
5,ATO,long32,68.8658226439445,35.308854953937
6,NAF,long32,79.142341745031,34.9225675314065
7,EU,long32,83.9943160493231,38.2514418952025
8,NA,long32,80.7905518485387,36.4337235225486
9,AS,long32,51.780938032565,35.2372552498575
10,NAF,long32,66.6928596507858,34.625613409537
11,MS,long32,83.9482713931446,33.9596525384259
12,NA,long32,70.3874801091802,35.8044646281684
13,IO,long32,85.7965498445392,27.3659316128366
14,AS,long32,90.5164392395726,36.9605767355814
15,ATO,long32,76.8806541785585,34.7153192752009
16,NA,long32,53.6739972774485,34.9645716792101
17,ATO,long32,87.1182180183293,36.3825618671183
18,AS,long32,90.8204125122449,28.7939047187429
19,AS,long32,72.3472718386534,32.685920458848
20,BS,long32,93.7347348210768,36.6562272594244
1,AS,long33,97.9973323120027,30.2483625814362
2,CS,long33,80.672044074065,33.7538434783765
3,ATO,long33,65.6473291339615,34.058635770651
4,AS,long33,99.2268728659416,34.818918802357
5,ATO,long33,72.5632571182371,34.843509467201
6,NAF,long33,80.6342151517383,34.7392942339276
7,EU,long33,84.8034244698236,37.7427501991272
8,NA,long33,82.4429595186954,36.0095207460603
9,AS,long33,58.5986009371714,34.5276744302958
10,NAF,long33,70.1962116534949,34.4011079910934
11,MS,long33,84.8076708102097,33.9126648375179
12,NA,long33,73.7346536623186,35.2483431202969
13,IO,long33,86.4467271193552,27.8655811261041
14,AS,long33,90.9020521327878,36.673111932938
15,ATO,long33,78.8931969968421,34.4816059555984
16,NA,long33,59.9972210264623,34.3726271400303
17,ATO,long33,87.946949645105,36.0553143461279
18,AS,long33,91.1096191747135,29.0506034418798
19,AS,long33,74.6950779052688,32.9549583890423
20,BS,long33,93.8228656226127,36.342449380129
1,AS,long34,97.7894475493365,30.3755449088344
2,CS,long34,81.4536816911765,33.7257989154622
3,ATO,long34,70.3425319553368,33.5926175167
4,AS,long34,99.022245539191,34.5010131103731
5,ATO,long34,75.9594737759537,34.4412276963989
6,NAF,long34,82.0524317161506,34.5846738880568
7,EU,long34,85.5684968269702,37.2650713163185
8,NA,long34,84.0019462900269,35.6667774339559
9,AS,long34,65.1315354089576,33.6915153502619
10,NAF,long34,73.4986711227681,34.1761655610357
11,MS,long34,85.6492281844171,33.857040159285
12,NA,long34,76.8422631074871,34.7895171510228
13,IO,long34,87.1769847118514,28.3624448727495
14,AS,long34,91.3034758295994,36.3466175236374
15,ATO,long34,80.7863848137716,34.2902547315933
16,NA,long34,66.0553866656743,33.7348042972262
17,ATO,long34,88.7572022279385,35.7374178976221
18,AS,long34,91.4839603050483,29.2894365825663
19,AS,long34,76.9576815983836,33.1838362672781
20,BS,long34,93.9440815416797,35.9768409130843
1,AS,long35,97.5921500362427,30.5175885145832
2,CS,long35,82.1891686602556,33.6630569820875
3,ATO,long35,74.6279159304503,33.2248699159218
4,AS,long35,98.7604938588184,34.1860216048607
5,ATO,long35,79.0187575617389,34.097279013755
6,NAF,long35,83.3511732222109,34.4350596588144
7,EU,long35,86.2192779112093,36.805602877533
8,NA,long35,85.4110125220714,35.354299676536
9,AS,long35,71.2407908378074,32.8276548459946
10,NAF,long35,76.584646682342,33.9479803403678
11,MS,long35,86.3997870486774,33.7808241344844
12,NA,long35,79.6774690694673,34.4048473944836
13,IO,long35,87.9507215344066,28.8491744280884
14,AS,long35,91.5976159871381,35.9881769005227
15,ATO,long35,82.5011908011297,34.1068352128014
16,NA,long35,71.7171103485661,33.1376183719916
17,ATO,long35,89.4624594715839,35.4233259112866
18,AS,long35,91.8688551652246,29.5107379723143
19,AS,long35,79.0690455746119,33.3431755409278
20,BS,long35,93.9741277613436,35.6042270534441
1,AS,long36,97.4754027842679,30.6957168587054
2,CS,long36,82.8430738495317,33.6169935191296
3,ATO,long36,78.5510125697332,33.0127208300941
4,AS,long36,98.5570106170029,33.9695439888948
5,ATO,long36,81.7824104656453,33.8295522462899
6,NAF,long36,84.5377108053945,34.3331401480629
7,EU,long36,86.7901849083068,36.451483653366
8,NA,long36,86.6797872740507,35.0996818326391
9,AS,long36,76.889995570444,32.203391585844
10,NAF,long36,79.4445724008924,33.7544420582625
11,MS,long36,87.0825500111876,33.7357784566897
12,NA,long36,82.2879114071926,34.1069611908566
13,IO,long36,88.7238890462715,29.3204024988338
14,AS,long36,91.8634731785432,35.7110824249864
15,ATO,long36,84.0451941997967,33.972157715179
16,NA,long36,76.9426252060806,32.7268448536326
17,ATO,long36,90.1220520903958,35.1954448107508
18,AS,long36,92.2393608968875,29.7378470539104
19,AS,long36,81.0133604332738,33.456229010096
20,BS,long36,94.0116129328159,35.3425742263433
1,AS,long37,97.5131957237033,30.8923324931411
2,CS,long37,83.4932242034521,33.6198540320733
3,ATO,long37,82.1207508075016,32.9666818821011
4,AS,long37,98.5186419631713,33.836527339296
5,ATO,long37,84.2900523882669,33.6877533582477
6,NAF,long37,85.6850742711283,34.3064272403473
7,EU,long37,87.3868155673664,36.2058673590213
8,NA,long37,87.8708847680671,34.9292673048978
9,AS,long37,82.0810723698094,32.0349417458068
10,NAF,long37,82.0688729689171,33.6792630681078
11,MS,long37,87.7955699476304,33.7318470371208
12,NA,long37,84.7106597453934,33.9289798210362
13,IO,long37,89.5259119986629,29.7693019246921
14,AS,long37,92.2409746133825,35.512195268462
15,ATO,long37,85.4946864311689,33.9343243363574
16,NA,long37,81.7088573119995,32.5922732014914
17,ATO,long37,90.8549368314043,35.0537616611482
18,AS,long37,92.6725940017933,29.9823379768054
19,AS,long37,82.8230983718788,33.5728204854051
20,BS,long37,94.1976141361765,35.1801658085851
1,AS,long38,97.6108293295962,31.1222633976794
2,CS,long38,84.1495367504321,33.6228378535396
3,ATO,long38,85.0840136583082,33.0369109539309
4,AS,long38,98.4963636395475,33.7283404120476
5,ATO,long38,86.4143103066052,33.6666339898516
6,NAF,long38,86.7336302202775,34.3058856723872
7,EU,long38,87.9361806196947,35.9588833688051
8,NA,long38,88.9103385092429,34.8035395731015
9,AS,long38,86.4051682899027,32.2403922359545
10,NAF,long38,84.3224940068244,33.7320839712852
11,MS,long38,88.4821654532818,33.715320964171
12,NA,long38,86.7672303536725,33.8552029909504
13,IO,long38,90.3443818564233,30.2080049247034
14,AS,long38,92.6152135294778,35.2743535326778
15,ATO,long38,86.7843103429893,33.9517953498443
16,NA,long38,85.6743378595988,32.6888177949877
17,ATO,long38,91.5438123739449,34.9133297873848
18,AS,long38,93.1561594135953,30.2582399323005
19,AS,long38,84.4204713979841,33.7075377980499
20,BS,long38,94.4038553730901,35.0165127142503
