SR1,SR2,SR3,SR4,SR5,SR6,SR7,SR8,SR9,SR10,SR11,SR12,SR13,SR14
0.348473157272117,1.20019922042567,1.25423626221453,0.6215016859321,0.377591331410909,-0.801869083022309,0.640718978101039,0.572241470277795,-0.313537090980407,0.748165298133694,0.70129149564662,0.9500645036673,0.937892171035326,1.15421926390675
0.26867821674146,1.16096777181195,1.03237859999958,0.501392589411089,0.349709722487558,-1.13897429839529,0.665523796949704,0.667481938161397,-0.277938507908504,0.852427848359656,0.734574979448864,1.0362214401694,0.912162023638195,1.23438613557821
0.176287379032069,1.08444844820251,0.901740652997087,0.378680571373797,0.401520175325578,-1.31061780178633,0.661827073349147,0.736856384824924,-0.225967722552992,0.888191105396964,0.709391134279377,1.08252122680578,0.85146411486548,1.32552065687517
0.174648234927,1.10452544407816,0.958832951831443,0.340585904774744,0.484053514187812,-1.34451471806796,0.648174890863318,0.747955035141911,-0.1671334415531,0.912389557669029,0.608838523707795,1.13032220621266,0.810092832815152,1.38811194105587
0.188630788680067,1.16265781107625,1.02202339262904,0.31884526989449,0.557697602793863,-1.32767771738277,0.632348826122565,0.752877910471438,-0.0956986288324981,0.933104227952609,0.516438710986672,1.17230543418126,0.844074471455176,1.46838361772273
0.17717353209271,1.23093922577841,1.05319800233664,0.264082370032764,0.611056509960252,-1.25503477765929,0.61346457125814,0.771971489165435,-0.0198828757284684,0.917282326744751,0.410343554696965,1.13413664112759,0.872055150065775,1.49595636541072
0.239582161194234,1.39023907534912,1.13024771333892,0.254512759568029,0.668858624763519,-1.07275814083844,0.615240906598885,0.800157620573499,0.0689610167692207,0.838319357771914,0.302521965552811,1.05926959327763,0.945111928886004,1.52522957539098
0.276058925106453,1.55806371729795,1.24151829294597,0.259159025491118,0.779359831517025,-0.814379746986189,0.602856680358857,0.821042518566767,0.146303766403972,0.710059189504959,0.218674425387434,1.01244738174969,1.06459356362125,1.51557049400606
0.204566057784938,1.6444250602367,1.35972801010176,0.222228190398804,0.851823652785611,-0.563548502585553,0.565537501438248,0.826323349722145,0.213043517677342,0.540120856430474,0.147655858624768,1.00481676051975,1.0900926859,1.41248678961339
0.150330542034152,1.71786310955047,1.538879433304,0.17854057062463,0.849964239280364,-0.409252089715326,0.534230467728246,0.831959832783702,0.28787620084444,0.37016794829758,0.0936821720294909,1.0165955162789,1.08984506894778,1.30636613486467
0.119168259989706,1.75001677684958,1.64674382483749,0.152289139346836,0.794496419168101,-0.336209037363195,0.513468433090805,0.839359337616397,0.338701515159586,0.255829601874819,0.0523261243376162,1.01636026937454,1.09232974169862,1.23121536154975
0.0517909035948146,1.61686048559332,1.53314836251568,0.109947496604952,0.680709043232332,-0.254025112345222,0.498049553253563,0.850335410715445,0.403521490323479,0.141826799616649,0.00690615284808357,1.01023753104984,1.0571945675194,1.1600635658911
-0.0504558076555931,1.38712448999161,1.35758222860245,0.0535496485625899,0.527310467316466,-0.13326797382471,0.451867733674711,0.837135647847803,0.484106921655244,0.00821500905009602,-0.0120790829985971,1.03072604475481,0.988155846938756,1.12949753304093
-0.0893906274021001,1.20848807345584,1.2294881381832,0.0485311928011015,0.404596445323489,-0.0616686114031028,0.414919891801457,0.797584620112858,0.527239419499192,-0.123757071808915,-0.000585709156554069,1.02768698785914,0.928246948296879,1.08624242679246
-0.108719675025871,1.04573371487153,1.06742507405535,0.0437351866359181,0.350123819569448,-0.0337003972169876,0.421818281134761,0.775678011905722,0.562563116051152,-0.187932242209319,0.0987570549816268,1.03388758566977,0.955802212244885,1.02749611313094
-0.247143733407258,0.745449958222879,0.813909295816003,-0.00439804633227085,0.298221040585257,-0.00381215752706938,0.428797907651111,0.768735548449831,0.599421000552689,-0.183952543470141,0.273206383208695,1.06361388738034,0.977124101928078,0.938806629460897
-0.346814259083045,0.391336553956852,0.574443488513808,-0.0364168923643974,0.189422990551526,0.0538070479549444,0.43702424581807,0.755136045204064,0.653898351447677,-0.169718593134086,0.418657115671049,1.06672033276955,0.932421490945061,0.852947939613926
-0.271698113469381,0.171760220626523,0.382294250943219,0.0227888544063672,0.196834924767222,0.142982100267873,0.459904065891836,0.757113210028491,0.737852897326715,-0.166440567783834,0.594564049561065,1.12038981712206,0.759949718234287,0.862746347591979
-0.216356192048078,-0.0352814037471225,0.142721954781123,0.108597675307843,0.285928322460824,0.242542486944954,0.474963127812686,0.759102862760959,0.789187171168876,-0.0985050700738852,0.790510240339731,1.18446229828212,0.464592843831964,0.836572031174918
-0.197798129733641,-0.223384841324175,-0.089002918023642,0.160217801239603,0.283631621081887,0.366082908681746,0.493547800573652,0.752452267821644,0.813608266170803,0.00160602137429871,0.940471532941264,1.19689223071262,0.268901130772257,0.833001184303358
-0.0966000904801868,-0.364785614144018,-0.289652194843467,0.234611011300977,0.265421019745629,0.517642643681834,0.528730403189258,0.757893105091472,0.832323371264738,0.0554850811506468,1.06369211719777,1.21682319713265,0.143971716549592,0.870573169558796
0.0971396468696421,-0.433273010830696,-0.453734849310361,0.32699130355464,0.267596227038243,0.697570145539296,0.557790439462217,0.772180046672414,0.852939412416306,0.123567491732249,1.17171479939564,1.2559627134204,-0.0235448901937678,0.855665482531551
0.275994398222157,-0.497525747692948,-0.624485786339736,0.374432510722191,0.250060145601463,0.808752793219324,0.562749568597111,0.781263493124559,0.890594239515449,0.183436881201899,1.25640472880424,1.26562361839963,-0.113577939845151,0.824637811562745
0.375138634027355,-0.55908761214378,-0.753946166890174,0.396718586028542,0.273990660820308,0.876143470096366,0.56346303866617,0.762844944638745,0.914292816593739,0.228509931960505,1.30731877450852,1.22430219225545,-0.128037732486396,0.793545638401246
0.478051913140173,-0.559085609989847,-0.810506502270161,0.429488504889813,0.329392022446348,1.01778664395687,0.573804284099334,0.738159359852287,0.924489502455858,0.247744326241395,1.31020984651137,1.15116023061708,-0.142162995520359,0.756002274371117
0.597149544760689,-0.468190109464413,-0.855821619318608,0.456705375845805,0.409028458059403,1.14361199076445,0.565816274354937,0.734449519120521,0.933375572004627,0.256395069314026,1.29227622903502,1.1381189837429,-0.187858781656394,0.738195046084038
0.759814259819029,-0.301170353942262,-0.82040771458837,0.524102753038484,0.669975937589462,1.27387408225356,0.558391736765511,0.742971487795271,0.949539571739729,0.266734965560359,1.23190634597693,1.16889611383761,-0.284489049004578,0.75468885076787
1.06386246884548,-0.0994456834767925,-0.712300652042737,0.63963253192495,0.937260258161492,1.50808695870788,0.569209444963261,0.758937390599808,0.980074066019615,0.273918060378352,1.12694179159724,1.15398465335783,-0.389110056509259,0.811817468820517
1.30641435299568,0.0640170528032279,-0.671776849971346,0.704253255021468,1.04120792513876,1.71044104634056,0.566574707754906,0.770256207354568,0.989914652853228,0.244869621065183,1.00191818454709,1.1089247961913,-0.478519885909778,0.857498085694559
1.34747922858799,0.114445046822105,-0.680595407678451,0.711878461671938,1.07693208676831,1.87733049004456,0.538757763493137,0.752328789082284,0.966512369051292,0.176934551089703,0.834566871657199,1.03526393182051,-0.422253135929867,0.857378833125289
1.36458549565359,0.165335600616452,-0.651363391497801,0.699195271046094,1.10697423127476,1.97789270556867,0.497148314622949,0.71803577933478,0.935040736066784,0.082613857247936,0.671586525686938,0.971361310828989,-0.30443779464191,0.904623534665801
1.41404446916727,0.236883130078488,-0.613196002540785,0.67843566511496,1.17614897427135,1.96621858122462,0.450720227133176,0.683288363283634,0.893812050506863,0.0732578814945203,0.551576676010635,0.921518035291001,-0.332641711451871,0.921390528366205
1.47134183524627,0.344953539239218,-0.542723122197929,0.650200618130563,1.24138483939939,1.94661615802857,0.412729645656833,0.648203237060026,0.852304309060962,0.198402352296989,0.457312877732404,0.833386751014728,-0.382196245334182,0.887173381779212
1.42389017675138,0.413280139319902,-0.417784200175831,0.60924634221399,1.34129502525963,1.89857831419551,0.373946563078155,0.610750701411332,0.807489446011472,0.282506851564882,0.349494058700936,0.729006910519693,-0.394258996205996,0.894581996997106
1.26795338883748,0.404702247492175,-0.326078600414752,0.551709515615621,1.46107472800695,1.84218158770871,0.3266370350736,0.590525930800724,0.761610356279135,0.303303872029232,0.243326089611576,0.663518451865429,-0.465019539408059,0.903048594755346
1.15799531084476,0.409589034625626,-0.260911705873577,0.493986359360643,1.44659605132897,1.74407008874826,0.27983508028109,0.591140618557586,0.714273069991843,0.328547638549046,0.191702383078079,0.620427945707857,-0.55496554271535,0.892442782404417
1.09023754399812,0.406924857947228,-0.223404258423398,0.477920224396511,1.37034387242134,1.53587592950209,0.245831381478875,0.579858802526638,0.655924241599894,0.38664823999468,0.181529746919436,0.598650304220448,-0.618620487892589,0.868083955652212
0.969683003105997,0.288876358946717,-0.257466395653435,0.466638992271297,1.27372969983541,1.33622371706553,0.21671449954323,0.533038343360632,0.604338459375332,0.46753867429065,0.148358059119448,0.546189832401427,-0.631516161125476,0.798124072979452
0.803076047963416,0.082155003606702,-0.330489609549898,0.400956203264248,0.941162360976996,1.1026408207888,0.168361172596306,0.461251711321375,0.538052277817937,0.53903505521802,0.113852982537212,0.445266876558458,-0.588510501162449,0.718652491160391
0.612406472684425,-0.0731506149974234,-0.392842312210376,0.335033781623259,0.570202831077317,0.749632948985911,0.115977139125181,0.400917804303132,0.456856984899537,0.584864200907267,0.115390372865081,0.364673263848074,-0.552532830544405,0.65357703834274
0.473088571678251,-0.132315820207195,-0.388230198946744,0.327621751476625,0.418647363977978,0.363263367167635,0.0840971296090781,0.356889556216776,0.376838609645775,0.63584838363654,0.127427541286153,0.31910147336774,-0.504591945374656,0.56431959377381
0.412023371050234,-0.116717503416084,-0.209503396524634,0.329278066471388,0.355644669762685,0.00417814315426722,0.0712301443010197,0.321061218145673,0.285171464979271,0.71901739664457,0.146840083271442,0.296226837334011,-0.469665128383898,0.48981815609367
0.347038249518816,-0.113865446706059,0.095393843253623,0.307698008422786,0.217066220500841,-0.288018260118439,0.0590063898536652,0.292425867836347,0.20162317175257,0.855224147983422,0.172899752073525,0.262909112310439,-0.454563237372019,0.412568414549689
0.262600083711649,-0.179972800053642,0.33555906653609,0.265046887904368,-0.0285939642791185,-0.554274340095551,0.0442901892951659,0.271797739990922,0.142955891678964,0.919669697622472,0.186224189162163,0.229482035918954,-0.341006057946093,0.338143514248684
0.122009422536187,-0.303664709819769,0.438646948000149,0.199888215205732,-0.301745261433722,-0.809166041343606,0.0191241119465309,0.244442418685871,0.0856884323539301,0.842473748386372,0.16105711368667,0.189321809043274,-0.160377776266939,0.284607062178304
-0.024913577916789,-0.42724183587911,0.375209401108929,0.144124167674387,-0.576180109669667,-0.984539051369244,-0.00955872563971179,0.206361422247487,0.0207326849353185,0.759018302764164,0.13428257544361,0.133492301669767,-0.0328875378992629,0.196040996690792
-0.0314934031471974,-0.491613502612879,0.270637499829982,0.140028336055377,-0.80830607713708,-1.0695234483839,-0.0252980148800689,0.149478897608428,-0.0493527513447444,0.685146520045599,0.0986852992980922,0.0417345054867679,0.0615155546025388,0.0844404960226903
0.0270103638976752,-0.564971142389591,0.20249130890436,0.160347144444849,-0.892048901840896,-1.02263584872449,-0.0473169739648413,0.0871039728967477,-0.106820722861559,0.616424010563088,0.0293967370383734,-0.0502071561798986,0.131720295708753,-0.035033108684641
0.0401989288355257,-0.652682901334797,0.175045419695589,0.125271580419711,-0.894480032985168,-0.904905085952313,-0.07429285225901,0.035147900851276,-0.151132051515315,0.566498604679661,-0.031531525553367,-0.12270619053497,0.207690386235518,-0.119748479205703
0.0760339178818325,-0.733394455698821,0.152894959411651,0.0834009579691927,-0.986869567480091,-0.848921091293154,-0.0926383296749451,-0.0268348366180349,-0.217307132515231,0.511493422783565,-0.0688797358177159,-0.203512930931272,0.307452748848779,-0.155179783132488
0.0948164815591291,-0.847373327454579,0.0704523340892365,0.083593167872928,-1.07986962114202,-0.843514526162744,-0.112636454995795,-0.102191329768598,-0.309508460472765,0.434694952954378,-0.132761366109808,-0.27367069435555,0.379195111482454,-0.20670004955885
0.0160469051684623,-0.99460068624197,0.00361178456965355,0.0394345390958662,-1.04152978994929,-0.81002239458729,-0.147310735460828,-0.201139989259253,-0.407162289924371,0.358098739630306,-0.250473623387407,-0.374068273772219,0.437662239669691,-0.294489633275372
-0.0908133775744072,-1.15061973693469,0.00203392442801101,-0.0452832580765584,-1.07126984515604,-0.72119231927508,-0.196552918242507,-0.324582517739785,-0.484635376256742,0.28612252440647,-0.384519357380496,-0.512041281632977,0.444244974177832,-0.388764077508911
-0.157800275357115,-1.26386620229576,0.0619843880447697,-0.118399945758236,-1.26529545704913,-0.641977959850706,-0.253069427859694,-0.446176990599767,-0.530243369109275,0.217141364673314,-0.515023779837139,-0.674766841628115,0.421529762539945,-0.500990523091575
-0.202516939938563,-1.34468964143818,0.0908341197619022,-0.157770398336258,-1.41176413351552,-0.572656639596357,-0.300357048627655,-0.556573707611132,-0.568620424304864,0.123035740797957,-0.632394753563293,-0.830418184658018,0.518229023489786,-0.621899620471778
-0.246296251934377,-1.4203416755365,0.0418261725309121,-0.127296591633349,-1.42964800487657,-0.468670266988849,-0.330675332615748,-0.657623949746609,-0.610945135034015,0.0349924470969073,-0.717317222566038,-0.956556505146198,0.666127065345737,-0.762737649217616
-0.289703418778195,-1.49946463334722,-0.00462054980923785,-0.101722275185148,-1.40271208214195,-0.42359593486307,-0.364644838694601,-0.751930564504553,-0.661723873895324,-0.0177481280282491,-0.770639204425309,-1.0617731542939,0.720599079104122,-0.902647719443562
-0.294044312001343,-1.55485059899797,-0.00936764511660353,-0.125966425361728,-1.44198777052214,-0.459289064309492,-0.414716599165387,-0.839762351002473,-0.69824381640011,-0.0554620652617376,-0.816995049816568,-1.13677734681889,0.711737590555664,-0.993110060203061
-0.337883029119196,-1.49633732945471,0.0768525315792988,-0.171660788997553,-1.46869083576665,-0.512838831207998,-0.463082009948167,-0.9221156284783,-0.739209296165095,-0.0663513911040754,-0.842755083354677,-1.17157344393821,0.730487339632535,-1.0748774616411
-0.447337606416305,-1.36836128202333,0.163398961135227,-0.231211270503675,-1.43020172993508,-0.581477419321597,-0.493955365763901,-1.00482194021923,-0.819103473506439,-0.0689351178546079,-0.865379459071672,-1.23156429442255,0.776207128941804,-1.17742621180832
-0.542823378597249,-1.21373258185855,0.19313556450848,-0.255025582509564,-1.45820013897023,-0.643495515371757,-0.524622227617983,-1.09509522312245,-0.902142265705776,-0.0824104670107366,-0.912499393093217,-1.33724237759377,0.793174272856645,-1.29888822376956
-0.670897428235143,-0.893685137946015,0.331737397674022,-0.300417781797634,-1.361084738649,-0.644133570965078,-0.5613919353071,-1.1750410114322,-0.955447492853779,-0.118657116703188,-0.955469138937828,-1.44527174150778,0.742151634310796,-1.40996482303211
-0.797854113689834,-0.493522181125731,0.508102525589219,-0.382333518776938,-1.22210444469384,-0.556318509059244,-0.593112494908839,-1.23424422598626,-0.966960283540089,-0.16570061849389,-0.974481262734652,-1.54914873653582,0.643270176356547,-1.48954305982236
-0.849569757530786,-0.177258465787863,0.558424634901203,-0.426299548249058,-1.24226187719446,-0.489860496542728,-0.61527958885694,-1.2753747771217,-0.967255981682925,-0.198552478529852,-0.937518217489851,-1.60422852963021,0.563451408665174,-1.53693923012243
-0.853284649784577,0.0452442989511331,0.513345270565242,-0.459007934392206,-1.17236400768897,-0.493953945366589,-0.633440551675674,-1.29386239115079,-0.987834765826278,-0.216652474605758,-0.840144980766709,-1.6173645395737,0.506324221807751,-1.56554150608736
-0.869355056239264,0.202784899567233,0.323562059343376,-0.515941381789106,-0.969788080324171,-0.53311470935673,-0.648684942088944,-1.30071947930009,-1.01852950538433,-0.273074058683077,-0.744459231614633,-1.61956526402918,0.383339859131299,-1.58477843415932
-0.911637842422259,0.368590846160208,0.0759980349539195,-0.586528426845509,-0.745561163071132,-0.536539887192359,-0.659687800247876,-1.29895440853919,-1.05686003844718,-0.391628722978723,-0.684434942575279,-1.61944661430365,0.0993789113073326,-1.61410533857571
-0.96589289450481,0.529509702854796,-0.0775246922950432,-0.68337188727179,-0.637963905421851,-0.57362402843275,-0.68160425299341,-1.30393455900175,-1.09188633019321,-0.570549859109271,-0.657309275575716,-1.61159166223467,-0.229290925613568,-1.60533050241043
-0.975649644236077,0.670378841295592,-0.21976985902609,-0.745686479122486,-0.58604548148295,-0.667954138315387,-0.701169975022081,-1.30469848900652,-1.09562559471258,-0.749712141955317,-0.64123786586158,-1.57299997709346,-0.504345392085268,-1.58540180977218
-0.965706746779235,0.793711047302225,-0.370152418115167,-0.755702710790052,-0.425004278589404,-0.740729368397836,-0.700251113293356,-1.29548575013717,-1.09121024813952,-0.887849400232578,-0.626738809625069,-1.51428748997231,-0.726883459531717,-1.60425146875246
-0.982720577527456,0.761631049327865,-0.537221592354896,-0.777373665035242,-0.272532287979167,-0.776815579691842,-0.702325154162828,-1.27157243265185,-1.08150894800783,-1.01132217479272,-0.630675482965947,-1.48962226383775,-0.945263148767473,-1.57348098832298
-1.03860999670311,0.631877681333842,-0.700719949632665,-0.824599138594604,-0.121056950765905,-0.794309763281874,-0.726442884050639,-1.2291611133378,-1.06611654128228,-1.126545684542,-0.615441731180404,-1.46245866860321,-1.16610186260112,-1.492477054593
-1.11669033951507,0.634409108216041,-0.725589920622145,-0.892964344369031,0.152081750876052,-0.736742264757829,-0.760795304807301,-1.16764551092316,-1.02455076808869,-1.23037613053222,-0.597960092147283,-1.37372860894178,-1.35147973596783,-1.38760026516026
-1.06977941724181,0.762016784876191,-0.666511955241047,-0.889474238765306,0.393414880364619,-0.596640093808533,-0.762410232380553,-1.08725522223002,-0.942087077241185,-1.29578539302058,-0.601051132342339,-1.2362239657671,-1.52102318997873,-1.26804883690587
-0.989632949977558,0.991095933287001,-0.591644467302127,-0.868372763971738,0.558858317222683,-0.524674095897921,-0.758918470646715,-1.01632269577732,-0.856587781119781,-1.37883952808209,-0.596909769618753,-1.1016507050483,-1.69795175854323,-1.15904042220289
-0.928692918980673,1.27571498500634,-0.494950678947253,-0.895835301831388,0.605098341952497,-0.480801035122698,-0.780985109978372,-0.9676013419734,-0.775123050398995,-1.51653033785195,-0.643044216588844,-0.971864067049321,-1.86566180850626,-1.02155431424839
-0.861119793918664,1.53496912794647,-0.385229153835119,-0.902612650256696,0.553216927413359,-0.348976987904947,-0.794613588350696,-0.92688735108048,-0.702492290652542,-1.66448267866914,-0.733916157969315,-0.842579499024904,-1.98518342996037,-0.829990771551926
-0.879395963698359,1.79623194982953,-0.21557563793194,-0.926352114932574,0.513048723553963,-0.126670517582847,-0.81725762589784,-0.896222575219609,-0.648573119807324,-1.78983319445128,-0.791227018831582,-0.71088234358499,-2.06416949156335,-0.644684392595134
-0.918741867673856,1.98327648408621,-0.0983454951772401,-0.981173235110859,0.403978460570193,0.0728095837283572,-0.848316409139416,-0.880477108179931,-0.590969024760243,-1.88310594850638,-0.819069353965891,-0.579119386853015,-2.11262676178571,-0.510118436584737
-0.9288490308303,2.11612197845298,-0.0593905665726816,-1.04479136326163,0.322450387878971,0.31429084061761,-0.874656121377965,-0.865339122423179,-0.544781051496302,-1.87950871513169,-0.813556151847697,-0.476758692942731,-2.21535836127726,-0.428655132361754
-0.935992925458537,2.2621260251014,0.0302416957942736,-1.12919944414184,0.294955688357527,0.652218634873119,-0.917620977642025,-0.865597448727856,-0.544366235898175,-1.75611900365091,-0.788470058742909,-0.42358405647526,-2.28923982501632,-0.363407628262269
-0.94767725916203,2.37858135375726,0.133098177642411,-1.20579870814972,0.296275877124511,1.00766704585289,-0.971109758418331,-0.872157216220298,-0.561374014184634,-1.63229244120502,-0.753822472667736,-0.40155079834452,-2.25209118389518,-0.278567021830699
-0.95686243882197,2.52455931212868,0.251270846448539,-1.27616764413772,0.36871493494216,1.34045858034465,-1.0063461476835,-0.887751826183222,-0.562086166580484,-1.54410459512356,-0.72186228217689,-0.377879952193657,-2.20511712697795,-0.21985276057486
-0.915863203427096,2.80284974022566,0.477379559737271,-1.29638034872168,0.443651142120343,1.71369863992765,-1.03209592108539,-0.940333994546514,-0.541121098583213,-1.45516681674744,-0.739059879737862,-0.352686731656582,-2.15310090322979,-0.174514667622129
-0.85974897254913,2.9956730902262,0.615858037681266,-1.29115333555045,0.415304067303663,2.01991038225411,-1.06821207961469,-1.01312106774718,-0.543258822917781,-1.37349157218451,-0.749248411476407,-0.350244701305726,-2.08908979095724,-0.133433549681103
-0.919707751873725,2.85925461132105,0.540378223721342,-1.36052306640001,0.207698301177552,2.11492977899563,-1.12528341876314,-1.09088005201977,-0.585778136491369,-1.30316602399057,-0.737906567840757,-0.382597096541929,-2.03058995616085,-0.0968519607538726
-0.985355329062879,2.59429756918499,0.420750919129563,-1.46866360446208,-0.10398566231394,2.10087671855998,-1.18407694778992,-1.16698494355991,-0.659961921668355,-1.21939027612344,-0.746373133011145,-0.433522220133318,-1.93147295694827,-0.0683343736596471
-1.06174647663658,2.35233945423305,0.326619941981682,-1.53979023647785,-0.305201190834673,2.05275539276726,-1.22696191341494,-1.22817521906371,-0.756684735154137,-1.12339583230883,-0.752545270892387,-0.524000746694254,-1.82437701163052,-0.104876868928684
-1.15424604189876,2.19686568243793,0.153994288183145,-1.5807901087529,-0.369946102544601,1.96335359357068,-1.26022414260474,-1.26775675312951,-0.838703856026645,-1.01766995304282,-0.763237945034666,-0.625989989487769,-1.72954494035163,-0.188252126361336
-1.14865918058167,2.09826876131321,-0.135230921534474,-1.59303604311615,-0.41707642704965,1.8094596180114,-1.26837756017172,-1.28286284115066,-0.896121826023584,-0.862122601106357,-0.79547270734507,-0.70407725525117,-1.54022819237334,-0.244910057234681
-1.1442233337094,2.05596103652559,-0.338119713493969,-1.59952344881909,-0.39161974502327,1.65659407448235,-1.27225724551731,-1.2849251340013,-0.940622141068278,-0.698102591506514,-0.831546039225791,-0.75709167148606,-1.29319730750222,-0.228899218777463
-1.1761492599576,2.02102556428399,-0.428566526015415,-1.59041963747378,-0.329827546215843,1.52415470720767,-1.29509023479332,-1.29360025061351,-0.980985637511658,-0.601325585910698,-0.8962517264856,-0.806489785780143,-1.04812764759113,-0.219726937225808
-1.23183899896372,1.95037369409261,-0.505886284621386,-1.53375222775339,-0.283909217973108,1.3690969350174,-1.32443883782001,-1.31113402556557,-1.01422959071801,-0.50502642812379,-0.968526301835606,-0.848324824978938,-0.865993640630517,-0.237028019694248
-1.28455432487007,1.89905267742411,-0.590714109926481,-1.49077779835861,-0.340879882288281,1.13027913167112,-1.34752149532839,-1.32925678178565,-1.03842987145156,-0.380569345052865,-1.03098881415591,-0.886722308661273,-0.781019464549329,-0.245489661311781
-1.31237783747442,1.85780378619088,-0.721153044321373,-1.43666387132014,-0.529191087539293,0.797925189655217,-1.38210672633999,-1.35174132098978,-1.07611419608412,-0.256714857589783,-1.07082915748457,-0.921101013223616,-0.643424359883216,-0.276899189901965
-1.32064741596553,1.79773033260163,-0.841631883497045,-1.38666691920273,-0.755199062107138,0.332624965696954,-1.40814885973029,-1.3527009685416,-1.11678620899867,-0.156847994838798,-1.05379526988624,-0.901413597696332,-0.553170386189148,-0.315169997880971
-1.31950253234355,1.66182393479594,-0.94579994037053,-1.34600219132466,-0.993398333873315,-0.174386220927813,-1.41374543560921,-1.34024467800795,-1.15492399621924,-0.0909941376743558,-1.04700744427911,-0.880501253796244,-0.534465853590779,-0.38725064313982
-1.2838877960156,1.49764391813241,-1.06380624628863,-1.28770321689584,-1.14563744305625,-0.529262397811084,-1.41815352222278,-1.33336602332283,-1.20751182225886,-0.043670116699111,-1.07679464704132,-0.906031637255545,-0.460275405123821,-0.486986503656639
-1.24650015493233,1.26958115134664,-1.20387287806662,-1.22730167744948,-1.13006861229316,-0.742059164750815,-1.42382887088903,-1.31002858952076,-1.24151517875789,-0.0112596343754062,-1.08608698283562,-0.890002837682831,-0.418906981624505,-0.57809957197892
-1.22480853255933,1.06849426990564,-1.34563513728418,-1.21383280070157,-1.00492156293601,-0.932053738762038,-1.4268279928318,-1.27648137110912,-1.25465094611748,0.01442080416223,-1.08037628211035,-0.83796277530672,-0.406538817477387,-0.65369318498658
-1.20897582989065,0.913207377009417,-1.37112659990341,-1.23722460553436,-0.916432778634215,-1.11039745521058,-1.42913562488835,-1.26751753612281,-1.28689487288948,0.0304946957876914,-1.07732805641753,-0.819523014817103,-0.374067617309767,-0.72414540222668
-1.22916952565076,0.674467515831815,-1.29453656514374,-1.22201350308635,-0.884972575832217,-1.21855654865603,-1.45072618663441,-1.2838339242417,-1.32731615684187,-0.0179385022159008,-1.06985081374588,-0.834811326719081,-0.468556776541477,-0.814945856725812
-1.21084421757835,0.427254232570417,-1.16948722527656,-1.1733031514898,-0.88128122367731,-1.35973501214391,-1.47260765254414,-1.31003378537921,-1.36987595403989,-0.124780422877363,-1.09013472717565,-0.877170243554553,-0.659677340556446,-0.909722316796914
-1.16111256732444,0.295558609757329,-1.0536445525691,-1.16160290547569,-0.868555779672863,-1.61943759773305,-1.4939742310205,-1.33798019996229,-1.42821230505624,-0.213977566818029,-1.10706165005232,-0.89699374777688,-0.774310060081028,-0.964576718880163
-1.12653667518072,0.211410832172228,-1.05694943735611,-1.19675323410326,-0.882771575320566,-1.90945316711726,-1.50107025829678,-1.34618460676209,-1.46681443549578,-0.307893555341444,-1.09703155901146,-0.888190615561868,-0.811859622678397,-1.01104328786309
-1.10041536196032,0.19437490733995,-1.02184094880952,-1.24195199894328,-0.918355284960852,-2.07186238258121,-1.49492635462404,-1.33765374427553,-1.4861329678574,-0.419204159618312,-1.08909793525882,-0.879879583837219,-0.860074363074391,-1.05916226625499
-1.07604107007911,0.318960148386809,-0.880007109632148,-1.32268422618161,-0.948290569775235,-2.10322109495864,-1.49841329999283,-1.33121211928786,-1.51892121986153,-0.564515011055462,-1.10553686145716,-0.878606139055421,-0.997772572981621,-1.0866183329445
-1.10442021739453,0.411663457342935,-0.841051865927063,-1.43228248814582,-0.932003176857429,-2.06660803083444,-1.52621903896214,-1.32879274221353,-1.57811354759535,-0.722165474697278,-1.17614933370774,-0.96358942687761,-1.09556769752034,-1.12944213329094
-1.15884947515577,0.454827710962595,-0.797108337267906,-1.53425902927092,-0.809431560194923,-1.96745338686415,-1.57510407382307,-1.30671850668456,-1.63704798839607,-0.858334006634852,-1.24362927824362,-1.06104454813365,-1.15263210230915,-1.11662794211796
-1.22895121587034,0.596821444347808,-0.583276749498762,-1.67413166032251,-0.67551539519986,-1.84662210037117,-1.63365104082001,-1.26681620928758,-1.66690003563141,-0.990191446337682,-1.28141525179844,-1.09897322832368,-1.24993282716724,-1.09288164419116
-1.32845989898471,0.827840546483252,-0.312854755263861,-1.83145466026359,-0.651514366834122,-1.73422341045815,-1.69289884926742,-1.24964827261729,-1.69513734606054,-1.08804558174357,-1.3465295053208,-1.19155899497078,-1.32086998167218,-1.11794401029524
-1.38971000560842,1.06256779800741,-0.0336370492838605,-1.93280506509692,-0.765361760589707,-1.56457789080367,-1.75768289822993,-1.25896000084671,-1.70975736387591,-1.12310123737334,-1.39487553686733,-1.29269442458958,-1.40363017172804,-1.13707442391219
-1.45092094815978,1.31417025097578,0.238442289277415,-2.01154021256704,-0.869225665230622,-1.3427402977315,-1.81686491744217,-1.26451420895054,-1.71379670184223,-1.13469976528004,-1.39494716655365,-1.33767826981287,-1.52557006323873,-1.14802195031066
-1.50862204709427,1.62359353444322,0.586097164761398,-2.06978169056236,-0.882133430045341,-1.13392840925743,-1.83497850739973,-1.26233440662717,-1.72606838998285,-1.12110501063498,-1.4041953265105,-1.37698096163335,-1.57457540462199,-1.12615265795832
-1.59007924354226,1.88772866685877,0.909024924341782,-2.14129102729752,-0.95642954071934,-0.949740639685064,-1.85980881235479,-1.26436555273891,-1.73395071899491,-1.01485001608113,-1.41271044774138,-1.43023519457258,-1.54830158105293,-1.06576806534834
-1.72377663220675,2.07301512013379,1.22679688351252,-2.23973021219773,-1.01050092354514,-0.659807676041964,-1.87496486547982,-1.25654133511565,-1.69297758707994,-0.964266682172743,-1.42964989714169,-1.48590567276324,-1.72563950358978,-1.03886006186997
-1.85301270587684,2.25120163522475,1.67402723206725,-2.32629704301742,-0.943759370971945,-0.258851053949818,-1.87105820867121,-1.23898005569199,-1.61502889583212,-1.06395990621832,-1.48135451321259,-1.52787350179459,-2.0661035992472,-1.02985107057939
-1.97730558537683,2.27217147927452,1.97392187372536,-2.40917550811231,-0.923489531886455,-0.00637340896458491,-1.90688732432942,-1.25158479585809,-1.56430805913611,-1.09124631422547,-1.53735241337695,-1.57720539687241,-2.15518526554006,-1.0134682627998
-2.10995065041146,2.08295611787512,2.09386623046942,-2.48648209965089,-0.941396203581768,0.121685505288115,-1.93485543088135,-1.2787335674595,-1.53130053134803,-1.00556498836592,-1.58620527357992,-1.6456594890313,-2.02776674967592,-1.0054977935938
-2.20029512748846,1.83465887729577,2.15831783911885,-2.56173939028328,-1.12711278248573,0.17227468187248,-1.93467507557728,-1.30146554861034,-1.4873700687474,-0.926327197942997,-1.62834276589391,-1.67567633805204,-1.89467211006206,-0.99434333367697
-2.28567270964985,1.65499393404352,2.20414094632505,-2.63489574744653,-1.40508212459329,0.104651904427829,-1.90736089273995,-1.33598580692483,-1.45782085459355,-0.843655260398177,-1.68765912635652,-1.70275086159047,-1.7628689522763,-1.04875005670647
-2.34352457194689,1.51351521832637,2.20883730285649,-2.62793188624738,-1.60973582908457,-0.0251946242476632,-1.85441397941175,-1.40050693119008,-1.46637624286344,-0.733060808373952,-1.76574938052195,-1.73558153860266,-1.60864790070279,-1.09950997428091
-2.29528919310876,1.36191693122781,2.17813974221959,-2.54522994272717,-1.79549096026719,-0.139105538406357,-1.79231222133084,-1.47563206880638,-1.48428385793086,-0.607146115847309,-1.83528411818392,-1.70091640048496,-1.44670205313445,-1.05990863284873
-2.27715081554584,1.21196940335861,2.11808656487023,-2.48394132446883,-1.81474222467357,-0.289852702591018,-1.73429131368399,-1.53473764614263,-1.52042026214095,-0.533241809604716,-1.89581864951167,-1.68608042245145,-1.31629434874902,-1.04417301446823
-2.34017421527589,0.971896571618839,1.98120636189891,-2.47983289585038,-1.86201501016378,-0.463537594756189,-1.71844355352093,-1.59896328642417,-1.56127185009421,-0.503620558475495,-1.95394155810716,-1.73036835795037,-1.2520317162659,-1.04408576777747
-2.45305002316382,0.650527419201147,1.71467258187362,-2.54385459353151,-2.06312859744171,-0.617279440704077,-1.75124050142108,-1.67859049000621,-1.60766475953129,-0.486110405286807,-1.97829234783356,-1.7430228570273,-1.29050714678377,-1.03693511590489
-2.57321194059277,0.364028147736112,1.44973647762676,-2.6027193444663,-2.1528385095814,-0.668860378376534,-1.78391421895273,-1.75711437555461,-1.67105584675644,-0.529065124455174,-1.98891077748958,-1.72993384520289,-1.40241169058945,-1.11322295147301
-2.59490611311107,0.129536765284759,1.24580345571562,-2.59177870801934,-2.21925683361596,-0.625370156579354,-1.79822611825218,-1.83372279530117,-1.75407808114222,-0.545676086730728,-2.0317972513214,-1.75462702766948,-1.27262777373099,-1.1959917525776
-2.5361578606908,-0.0326464025575924,1.01906918206544,-2.55100469551723,-2.2954477357438,-0.595364284469335,-1.81853814752616,-1.91256316570182,-1.8691837528939,-0.529302317677893,-2.08036802928437,-1.84065058923357,-0.942517081019305,-1.29609832148897
-2.49001879573576,-0.0733136890753648,0.91615670218497,-2.52406474824634,-2.33722809296968,-0.513416277054306,-1.80976691596546,-1.96242614430792,-1.98078930178092,-0.624732042315864,-2.10559604603704,-1.90377572904247,-0.852818019149875,-1.427407984482
-2.44526958534242,0.00106214783905531,1.00137025157322,-2.49192307975057,-2.36424562984593,-0.381217580683268,-1.80214030355227,-1.98208597436199,-2.07333381956219,-0.782557679240174,-2.09310208560149,-1.85904167366757,-0.981162210743448,-1.52878817882092
-2.35890761436815,0.119866251780557,1.1225840787222,-2.42616425155986,-2.30011829359899,-0.209625105562624,-1.80658828202798,-1.99512741113002,-2.14868629266957,-0.909407842473954,-2.07008616131807,-1.7837441675988,-1.0945785313868,-1.64348341085056
-2.21089960981149,0.214958140162891,1.12461373207751,-2.35971724139391,-2.28712472165803,-0.0153358603439083,-1.81059272824577,-2.00628595150297,-2.18108196314712,-1.03869111128847,-2.07947039784595,-1.72491382650946,-1.17576151965991,-1.76568831032394
-2.06851914152728,0.399779827208264,1.16564754725345,-2.30599129644771,-2.18622191943778,0.236085319869707,-1.83412415742111,-2.01126121741564,-2.18151004455553,-1.20933154051233,-2.11530195599895,-1.70458305515976,-1.26137957193721,-1.87546505112469
-2.0399019191368,0.582860688785697,1.24797504857809,-2.27801473803546,-1.96654352560081,0.439409025428569,-1.87988562099014,-2.02135094259625,-2.22498669855625,-1.37435690210397,-2.09804974253768,-1.73152557155186,-1.36103741104447,-2.01312097785735
-2.026268994017,0.632376310084896,1.26628974207687,-2.27341279789418,-1.91362099113889,0.602648730177973,-1.92311350279889,-2.03852951517465,-2.28896225488421,-1.4715940280729,-2.04276093450721,-1.71800016814775,-1.43469921727134,-2.13787836281402
-1.94823712174031,0.708583615788427,1.33938626981118,-2.25068085221789,-1.90660446318179,0.785055833390977,-1.93891466230129,-2.0431803177716,-2.30873087388438,-1.51098858741603,-2.00274709902517,-1.61704023949325,-1.45414646166733,-2.26363759831383
-1.79926513613992,0.893446209509691,1.44262037994953,-2.20407732553673,-1.8304694565047,0.878966876031475,-1.92141791300798,-2.02616412504006,-2.29977534427195,-1.49162134683686,-1.97207479405155,-1.51118113083628,-1.36457978601645,-2.39097295410055
-1.59708701621168,1.16330953648031,1.49205431461628,-2.14388381847887,-1.73062798595098,0.814382471716623,-1.87086615352571,-1.98453263280329,-2.27867973944363,-1.46468830371031,-1.93017995288094,-1.44461453493751,-1.20832131170925,-2.39839263046691
-1.46284609345147,1.40592437514293,1.42935154312582,-2.05704954512572,-1.54817591334566,0.593012648666687,-1.84759383221217,-1.94576694592375,-2.28086571850361,-1.40638971691077,-1.83440700361717,-1.35918113812435,-1.14712295935909,-2.37130380321182
-1.43900762632972,1.49820498130983,1.3146046499293,-1.89139533442628,-1.32458283625781,0.330596586559747,-1.8424442587945,-1.9141359039724,-2.29947607256178,-1.34204023243501,-1.75172163204374,-1.27307261107057,-1.1246668091658,-2.26129772535521
-1.40697920559021,1.55705135489433,1.26991407515001,-1.70396394954963,-1.0883412644434,0.181400733186587,-1.83210695050898,-1.86360429548083,-2.29078650209337,-1.35295129617108,-1.69011859308108,-1.15593609798453,-1.22511576998471,-2.03085628864104
-1.3528340817108,1.56582602352998,1.14520845271717,-1.57180460306676,-0.925990286230151,0.0569442166132403,-1.83964665087294,-1.81847710813374,-2.27257863839251,-1.38567947808252,-1.62750177543518,-1.02880312446468,-1.41230701208156,-1.78754676088676
-1.34715720579201,1.44954649758786,0.919397693835338,-1.49124106807936,-0.876101155500446,-0.175584960719472,-1.86707055491995,-1.81600054477553,-2.30161128223816,-1.44490053967008,-1.60009342879339,-0.975450757074852,-1.53996525875444,-1.51691568989182
-1.39023519910384,1.32873999317253,0.834055175124582,-1.48677649058277,-0.74027331637722,-0.407815368486149,-1.8951946150804,-1.81670217216127,-2.35331739183826,-1.55154977401637,-1.60265320150351,-0.938391775794031,-1.60647391776027,-1.21503022067755
-1.4101205742845,1.11709816993027,0.851504902599789,-1.47998837009059,-0.690817864037164,-0.584202891804119,-1.93530168586321,-1.80399845063917,-2.37775913416399,-1.64760227064876,-1.57814215923351,-0.797184851758793,-1.64614519915705,-0.954252813162485
-1.3846318275786,0.84444022813508,0.861023307829175,-1.36680342553543,-0.647900077101086,-0.657499498255633,-1.95594607743582,-1.78512232545935,-2.34790193248072,-1.75191595101034,-1.60616501723674,-0.655991448968705,-1.68569787146107,-0.805160770647218
-1.39801111386852,0.642001882954522,0.93026153223014,-1.17019702345583,-0.393057065948398,-0.676114943581403,-1.96089137854046,-1.76265208054345,-2.281059119616,-1.90021961926662,-1.72342710324794,-0.621016564477195,-1.69266576586243,-0.691160356052237
-1.48728415738107,0.476966359910688,1.07163779597615,-0.936343035728581,-0.0588380802864376,-0.72114661663186,-2.0163606576041,-1.75217334425826,-2.2241295393159,-2.07204517293603,-1.82603963546455,-0.632241884865206,-1.71686257387584,-0.522847482731839
-1.51036803846807,0.364459514400196,1.26984528712819,-0.778139559664742,0.15887452058651,-0.675157894868494,-2.07468060799961,-1.73891452633157,-2.16060280058459,-2.32712683117465,-1.93814457799525,-0.655054230535971,-1.7905701887327,-0.356734967502328
-1.45593297356095,0.241849389735973,1.53652874725524,-0.745198817314912,0.0852898758602378,-0.580680960026104,-2.12373683635422,-1.74112691348803,-2.10724910285669,-2.55092715260493,-2.07081948560092,-0.624134086027381,-1.81032970138479,-0.253087633938722
-1.48565308041402,0.0637252766175342,1.72879031867078,-0.783863705425572,-0.179440181333727,-0.523338110893358,-2.16091718955415,-1.7507369955972,-2.05445043324893,-2.66554186527601,-2.18648901578329,-0.547173824832225,-1.79981426522307,-0.1746193520971
-1.48577696981182,0.0989128019275166,2.03499618400841,-0.875435628639525,-0.45190731319746,-0.347477468689642,-2.17702785445802,-1.73429212544833,-1.94725238007641,-2.82070319567511,-2.25672178675324,-0.395014567344958,-2.0091595526259,-0.129019941505313
-1.44381455655718,0.317975140635022,2.47079945030677,-0.908325460351036,-0.60738383741009,-0.110065253458668,-2.20968702692889,-1.72567952392702,-1.81995861382494,-2.96419058093433,-2.32569023983156,-0.269327005306557,-2.16846723785909,-0.155793959499808
-1.44594529960293,0.534627196243233,2.7757027666052,-0.837700007643774,-0.655824766193515,0.0736720177116245,-2.26632770500221,-1.7521635936978,-1.71587380837334,-2.97190357929523,-2.4100796234655,-0.252641005203054,-2.02273524300728,-0.274730013689466
-1.51872314035793,0.660218721017896,2.96349024550655,-0.8060868418875,-0.767393025315765,0.253756768923111,-2.31901216417285,-1.77513975114642,-1.58667612246563,-2.92245672996286,-2.4588394959349,-0.156404775304739,-1.89147249226442,-0.255179542189752
-1.7757592811508,0.479079589373735,2.88285928697023,-0.866411745934063,-1.08913214007796,0.3313271354754,-2.43848317593525,-1.82536897733554,-1.4743443245777,-2.92566005318354,-2.48226227193394,0.0200591670784174,-1.90831235086742,-0.127131200870884
-2.08837629137994,0.164829592260642,2.53092679253627,-0.954099551232966,-1.48127036554507,0.18919228283846,-2.57322904175929,-1.89834196825316,-1.4242203476401,-2.96226469666751,-2.50489182625169,0.123217303330253,-1.93428818396034,-0.0771346485793606
-2.19289658304831,-0.00023767565329649,2.17481425329155,-1.02393627617917,-1.9157383604034,-0.0954155845407989,-2.62192759154723,-1.94170996288163,-1.39940476072232,-2.9540230637109,-2.4528774195161,0.242409163004911,-1.88680791770014,0.0224166881955247
-2.12940643170137,-0.0947517272858565,1.85847260143434,-1.18091135204332,-2.46354070343938,-0.36549246417803,-2.63461410831011,-1.97689501366642,-1.39534436784144,-2.8999609375654,-2.33764579219606,0.460347988715987,-1.78648035965813,0.176616874862874
-2.02884273475722,-0.156650968703938,1.52417706826663,-1.46135138494587,-2.95973845501035,-0.541737637127723,-2.60159028915262,-2.01019035914543,-1.42803996483189,-2.85259798097743,-2.28299178407451,0.637616971303916,-1.65841081746326,0.251196342726448
-1.9799977454271,-0.237534317835527,1.22767123972682,-1.69766260561842,-3.28220730270601,-0.749357831795765,-2.63254288553218,-2.04318140997538,-1.47080364462974,-2.82834506902259,-2.26150262259592,0.783218036720773,-1.60151366391402,0.308952024941112
